Source,Title,Link,Date,Article
New Straits Times,Johor education dept offers counselling support after Irene Sofiya's death,https://www.nst.com.my/news/nation/2026/10/1547818/johor-education-dept-offers-counselling-support-after-irene-sofiyas,"Mon, 05 Oct 2026 10:13:45 +0800","BATU PAHAT: The Johor Education Department will provide psychological support to the family, teachers and friends of Irene Sofiya Mohd Khairool Faisal, 16, who was  murdered at a secondary school in Yong Peng two days ago.
Johor Education and Information Committee chairman Dr Muhammad Naqib Md Ghazali said the move was aimed at ensuring their wellbeing and emotional state remained stable.
He said some of those affected were still traumatised by the incident.
He said the district education office and school principal had met the affected teachers and students for counselling sessions.
""School sessions are continuing as usual, and we will assess the situation on the first, third and seventh days, as well as monitor developments thereafter.
""The district education office will provide updates on the situation,"" he said after visiting the late student's family in Kampung Parit Selamat, Yong Peng, today.
At the same time, Naqib said the state government would work with the Education Ministry to find ways to strengthen security measures at schools.
""An initial step is to install closed-circuit television (CCTV) cameras, starting in this district.
""CCTV is important to help us monitor the situation if a tragedy occurs.
""Schools should be safe places, and everyone has a responsibility to look at this matter comprehensively instead of pointing fingers at one another.
""We want to ensure that security mechanisms and measures are always functioning effectively and are continuously improved.
""The state government is also working with the police, schools and parents to strengthen efforts to create a safe school environment for children,"" he said.
Irene Sofiya was found in critical condition before she was pronounced dead.
She was suspected to have been murdered after several injuries were found on her body.
Earlier, the victim's grandmother and aunt rushed to look for her after two of her friends went to the house asking about her whereabouts.
This was after only the victim's motorcycle was found on the school grounds.
Following the incident, Irene Sofiya's 16-year-old male classmate was arrested and remanded for six days from yesterday to assist in investigations under Section 302 of the Penal Code.
© New Straits Times Press (M) Bhd"
New Straits Times,Bolsonaro leads Lula as nail-biter Brazil vote goes to a run-off,https://www.nst.com.my/world/world/2026/10/1547816/bolsonaro-leads-lula-nail-biter-brazil-vote-goes-run,"Mon, 05 Oct 2026 10:07:15 +0800","BRASILIA: Brazilian senator Flavio Bolsonaro, son of the far-right former leader Jair Bolsonaro, finished ahead of President Luiz Inacio Lula da Silva in Sunday's election, which will go to a run-off in three weeks.
In a surprise result that defied opinion poll projections showing Lula in the lead, Flavio Bolsonaro scored 47 percent of the vote to the incumbent's 45 percent.
If Bolsonaro triumphs in the October 25 election, Brazil will be the latest country to swing to the right in Latin America, a trend championed by US President Donald Trump.
The election results included a series of landslide wins for the right in parliament in a massive setback to Lula, who at almost 81 is seeking a fourth term in office to cement his legacy.
The veteran leftist branded the vote a battle between democracy and ""barbarism,"" warning voters that Brazil's sovereignty was at stake in the face of US pressure.
Flavio Bolsonaro, 45, was little known nationally before his jailed father anointed him as his political heir, and he had never expressed ambition to follow in his footsteps.
However, his father's powerful name won over the country's conservative base and he slid past Lula despite a campaign marked by scandals and mudslinging.
Voters in the deeply polarized nation were left jaded by familiar choices, and few voted with conviction.
Oscarina de Oliveira, a 62-year-old caregiver, told AFP she had planned to vote for Lula, as she always has. But ""when I got there, I switched to Bolsonaro. Just to see what happens, to see if anything changes.""
Bolsonaro dynasty
It emerged during the campaign that Flavio Bolsonaro was under investigation for corruption over the financing of the biopic ""Dark Horse"" about his father.
The move was bankrolled by jailed banker Daniel Vorcaro, who is under investigation for a massive financial scandal.
For many voters, this did little to move the needle.
""Things are truly terrible. As far as I'm concerned, the left just doesn't work anymore,"" said tech worker Joao Batista, 36, in the Rocinha favela, saying he was fed up with the ""horrible"" expense of basic goods.
The Vorcaro probe also led to a rare public clash on the Supreme Court which fueled distrust in institutions and was seen by experts as damaging to Lula's campaign.
The elections proved a triumphant comeback for the Bolsonaro family after Jair Bolsonaro lost a re-election bid in 2022, leading to violent riots in the capital and his conviction last year for attempting a coup.
Former first lady Michelle Bolsonaro and another one of Jair Bolsonaro's sons, Carlos Bolsonaro, both secured seats in the senate.
Jair Bolsonaro's youngest son Jair Renan, 28, was elected as a federal lawmaker.
Trump watching
Trump had said he was watching the election ""very closely,"" but did not endorse Flavio Bolsonaro.
The US president has wielded tariffs and sanctions to pressure Brasilia over complaints ranging from the trial against his ally Jair Bolsonaro to alleged unfair trade practices.
Lula repeatedly warned him not to ""meddle"" in the elections.
He also vowed Brazil would retain control over the development of its vast reserves of rare earths, which have attracted interest from Washington and other foreign powers.
""I support Lula because he stands up for the poor. Flavio will sell our Brazil off to foreigners,"" said Victor Jorge Martins, a 25-year-old event planner.
Flavio Bolsonaro has pitched Brazil as a ""solution"" to ease US dependence on China for these critical minerals.
Climate change absent
Revered for social welfare programs that lifted millions out of poverty, Lula made a dramatic comeback to office in the 2022 elections after being jailed on a corruption conviction that was later thrown out on procedural grounds.
In his third term he oversaw a drop in inflation and unemployment, but voters complain about a high cost of living.
Lula has also sharply curbed deforestation in the Amazon, while backing oil exploration.
Despite a growing number of extreme weather events in Brazil, climate change has been absent from the campaign.
""It is important to elect a candidate who defends our territory, who defends nature,"" said Tainara da Costa Cruz, 22, who lives along the banks of the Rio Negro in Amazonas state and voted for Lula.
© New Straits Times Press (M) Bhd"
New Straits Times,"Immigration denies claim 200,000 Thai nationals working at tomyam restaurants",https://www.nst.com.my/news/nation/2026/10/1547806/immigration-denies-claim-200000-thai-nationals-working-tomyam,"Mon, 05 Oct 2026 09:43:56 +0800","KUALA LUMPUR: The Immigration Department has denied claims that some 200,000 Thai nationals are working at 5,000 tomyam restaurants in Malaysia.
As of Sept 15, only 12,629 Thai nationals held valid Temporary Employment Visit Passes (PLKS) to work in the restaurant services sector, including 12,541 cooks.
Immigration director-general Datuk Zakaria Shaaban said the Thai cooks comprised 7,559 men and 4,972 women.
He said the remaining workers comprised 43 Thai nationals employed as restaurant crew, 38 as eatery workers and seven as restaurant workers.
""The claim that 200,000 Thai nationals are working in around 5,000 tomyam restaurants in Malaysia cannot be verified.
""However, Immigration will continue enforcement action against employers or premises hiring foreigners without valid passes or work permits,"" he said.
Meanwhile, Zakaria said 2,316 Thai nationals were detained in enforcement operations for misusing their passes under Regulation 39(b) of the Immigration Regulations 1963 from 2025 to Sept 15.
He said Immigration operations were now focused not only on undocumented foreigners, but also employers, agents and individuals who protected or took advantage of illegal immigrants.
""Employers who hire foreign workers without valid documents can face action under the Immigration Act 1959/63,"" he said.
On Oct 1, Thailand's Southern Border Provinces Administrative Centre (SBPAC) claimed that more than 100,000 Thai nationals working at tomyam restaurants in Malaysia did not have valid work permits.
Acting SBPAC secretary-general Chonthanya Saengphum claimed that around 200,000 Thai nationals were working in about 5,000 tomyam restaurants in Malaysia, with more than 50 per cent allegedly lacking valid work permits.
© New Straits Times Press (M) Bhd"
New Straits Times,FIA chief thanks Malaysia for Sepang F1 comeback,https://www.nst.com.my/news/nation/2026/10/1547804/fia-chief-thanks-malaysia-sepang-f1-comeback,"Mon, 05 Oct 2026 09:40:29 +0800","KUALA LUMPUR: FIA president Mohammed Ben Sulayem has thanked the Malaysian government and public for stepping up to host Formula 1 (F1) in Sepang after a nine-year absence.
Ben Sulayem described the operation as an impressive example of motorsport bringing countries together.
Speaking in an interview a few hours before the 2026 Bahrain Grand Prix in Malaysia kicked off on Sunday, he praised the cooperation between Malaysia and Bahrain, which worked together to stage the race after the F1 race in the Gulf country was cancelled amid regional security concerns.
""I also say thank you to the Malaysian government. Thank you to the Malaysian people for accepting it. Thank you for what you did here.
""Honestly, it is impressive,"" he said.
Ben Sulayem said the logistical effort involved in preparing Sepang at short notice was particularly notable, while praising the Malaysian and Bahraini personnel who worked together on the ground.
He said the event demonstrated the value of motorsport in bringing people and countries together.
""You have Malaysia and Bahrain together from the start till the finish. And the harmonisation, that's what really amazed me,"" he said.
He also praised Malaysian fans, describing them as knowledgeable and passionate, while highlighting the commitment of local marshals, volunteers and officials.
""What I saw is the educated fans and the educated staff,"" he said.
Ben Sulayem said Malaysia's return to the F1 spotlight had also revived the enthusiasm of local motorsport volunteers, many of whom had previously been involved in hosting the championship.
He said the successful event showed that Malaysia remained an important part of the FIA motorsport family.
""Malaysia is not new to motorsport. Malaysia has been a strong part of the FIA family, a big part, not a small part,"" he said.
Ben Sulayem added that the FIA wanted to continue supporting Malaysia's broader motorsport development, rather than focusing solely on the possibility of a Formula 1 return.
""Malaysia, to me, is not only about Formula One. Malaysia, to me, is about motorsport,"" he said.
© New Straits Times Press (M) Bhd"
New Straits Times,Sepang F1 return hinges on five-year business plan: FIA chief Ben Sulayem,https://www.nst.com.my/news/nation/2026/10/1547801/sepang-f1-return-hinges-five-year-business-plan-fia-chief-ben-sulayem,"Mon, 05 Oct 2026 09:38:44 +0800","KUALA LUMPUR: Malaysia has been given a clear route back to the Formula 1 (F1) calendar by the world motorsport governing body Fédération Internationale de l'Automobile (FIA).
FIA president Mohammed Ben Sulayem said Sepang International Circuit's return will depend on a credible, long-term business plan backed by the government and strong fan demand.
Ben Sulayem said Malaysia has the track, motorsport heritage, and fan base to support a return, but any bid must show that hosting F1 makes commercial, tourism, and economic sense for the country.
""If Malaysia wants to go back to F1, I said it very clearly: a plan, a five-year business plan, knowing how you will cover it,"" he said at an interview with selected media a few hours before the 2026 Bahrain Grand Prix in Malaysia started on Sunday.
The 65-year-old Emirati also stressed that Malaysia would need a strategy to promote the race and fill the grandstands, as F1 now operates on a significantly stronger commercial footing than when Sepang last hosted the championship.
""The whole thing has to work together. Before, it was in a way random. But Formula 1 was never as strong as today, commercially.""
Sepang successfully stepped in to host the Bahrain Grand Prix following its cancellation amid regional security concerns, bringing F1 back to Malaysia for the first time since 2017.
Ben Sulayem said the successful operation demonstrated that Malaysia remained capable of hosting a major F1 event, while also highlighting Sepang's logistical advantages within the regional calendar.
He said a potential Malaysian return would have to be assessed alongside the existing Asian races in Australia, China, Japan and Singapore, as the FIA and Formula One Management (FOM) seek to balance the calendar.
The FIA president nevertheless said ""everything is possible"", pointing to the changing nature of the F1 calendar and the increasingly close relationship between the FIA and FOM.
""Malaysia, the investment and the track are great. You can see a lot of things have been improved,"" he said.
However, he cautioned that the decision ultimately rests with Malaysia.
The government, he said, would first have to determine whether F1 fits its economic and tourism policies before developing a formal proposal with the commercial parties involved.
""It's not about, 'Oh, let's do this.' It is a plan. Is it good for the government when it comes to the business side? Is it in their policy in the economic and tourism?
""Then there is a plan, and there is a request, and then, of course, we sit there, the commercial side sits, FOM sits, see what's beneficial.""
Ben Sulayem also urged Malaysia to look beyond F1, saying the country had the potential to strengthen its wider motorsport ecosystem, including rallying, karting and other disciplines.
For now, a permanent return remains an ambition rather than a commitment.
But after nine years away, Sepang has demonstrated that the door to F1 is not closed — and the next step could be for Malaysia to decide whether it is prepared to build the business case to walk through it.
© New Straits Times Press (M) Bhd"
New Straits Times,"No US vessels in Persian Gulf, Hormuz, or Northern Indian Ocean: IRGC adviser",https://www.nst.com.my/world/world/2026/10/1547798/no-us-vessels-persian-gulf-hormuz-or-northern-indian-ocean-irgc-adviser,"Mon, 05 Oct 2026 09:28:49 +0800","TEHERAN: A senior IRGC adviser says that for the first time, no US vessels are present in the Persian Gulf, the Strait of Hormuz, the Sea of Oman, or even the northern Indian Ocean, The Islamic Republic News Agency (IRNA) reported.
Brigadier General Ali Fadavi, head of the advisory group to the commander-in-chief of the Islamic Revolution Guards Corps (IRGC), said in a televised interview that the Strait of Hormuz has been firmly under Iran's control in recent months.
He noted that the Americans have maintained a presence in the Persian Gulf since 1853, but that for the first time, no US vessels are present in the Persian Gulf, the Strait of Hormuz, the Sea of Oman, or the northern Indian Ocean.
""The Americans have fled and moved more than a thousand kilometres away from our borders,"" Fadavi said.
""This did not happen by their own choice, but is the result of the authority of the Islamic Republic of Iran and the IRGC Navy.""
He said the Americans claim they can move a maximum of three to four million barrels of oil per day through the southern route of the Strait of Hormuz, outside the area Iran has officially designated, a figure he described as insignificant compared with the volume of oil that normally passes through the strait.
He said that previously, more than 20 million barrels of oil passed through the Strait of Hormuz daily through official channels, with additional volumes exported informally.
The IRGC official said 46 percent of global oil exports passed through the Strait of Hormuz, adding that the 20 percent figure often cited refers to global oil consumption, since many countries consume their own production rather than exporting it.
He said oil exports through the route are now facing major disruption, which has had a broad impact on the global economy, including the United States and Europe.
He warned that any further escalation in the region would harm the United States, saying American warships are directly threatened by IRGC naval forces in the Strait of Hormuz.
The adviser said the United States would be forced to rely on its vessels to escalate tensions. ""Even if they bomb a region every day, they cannot impose their demands as long as they lack a physical presence.""
Fadavi added that US vessels are ""exposed and vulnerable"" to the IRGC Navy. According to him, US forces have repeatedly attempted to bring their warships into the Strait of Hormuz but were attacked by the IRGC Navy and Aerospace Force.
""Any escalation of tensions will definitely be to their own detriment,"" Fadavi said. — BERNAMA
© New Straits Times Press (M) Bhd"
New Straits Times,"Samaiden stays a 'Buy', target price RM3.13",https://www.nst.com.my/business/corporate/2026/10/1547796/samaiden-stays-buy-target-price-rm313,"Mon, 05 Oct 2026 09:14:59 +0800","KUALA LUMPUR: Samaiden Group Bhd's latest solar project is expected to add about RM200 million to RM250 million in engineering, procurement, construction and commissioning (EPCC) value, according to Hong Leong Investment Bank (HLIB Research).
HLIB Research analyst David Ng said the 99.99 megawatt (MWac) award was positive for Samaiden as it lifts the company's cumulative exposure under the Large Scale Solar 5+ (LSS5+) programme to about 200 MWac, or 10.1 per cent of the total awarded capacity.
He expects the latest project to contribute to Samaiden's earnings in financial years 2027 and 2028.
Ng said more conversions in the coming months are also expected, with Samaiden's tenderbook standing at about RM3.5 billion, of which 56 per cent is linked to Corporate Renewable Energy Supply Scheme (Cress) projects.
""We expect conversion to accelerate in the next six months, given the tight commercial operation date deadline in 2028 under the Cress acceleration programme.
""Our current assumption of 200MW of Cress orderbook replenishment in FY27 could prove conservative, in our view, as data centre offtakers move quickly to secure renewable energy supply and benefit from the special 14 sen per kilowatt-hour system access charge rate,"" he said in a note.
The latest project comes after Samaiden entered into a works contract and a contract for the supply of solar components with Syarikat Pembenaan Yeoh Tiong Lay last Friday to undertake the EPCC works for the LSS5+ project.
Samaiden said the contract value and location of the proposed facility were not disclosed due to confidentiality restrictions.
The works will commence upon the issuance of the notice to proceed, in accordance with the terms of the contracts.
The latest award follows Samaiden's 99.99MWac Segamat project, in which the company holds a 70 per cent stake.
As the latest LSS5+ contract was already captured in HLIB's orderbook assumptions, Ng said HLIB Research maintained its financial year 2027 and 2028 earnings forecasts.
The firm also introduced its financial year 2029 forecast, with earnings estimated at RM104 million, up 19.4 per cent year-on-year.
Ng maintained a ""Buy"" call on Samaiden with a target price of RM3.13.
""We like the stock for its exposure to the growing domestic solar industry and bioenergy segments,"" he said.
© New Straits Times Press (M) Bhd"
New Straits Times,"APAC family offices lead on returns as AI, direct deals reshape investing: Citi",https://www.nst.com.my/property/2026/10/1547794/apac-family-offices-lead-returns-ai-direct-deals-reshape-investing-citi,"Mon, 05 Oct 2026 09:13:44 +0800","KUALA LUMPUR: Asia-Pacific (APAC) family offices are emerging as some of the world's most active and sophisticated private investors, posting stronger portfolio returns while increasing exposure to artificial intelligence (AI), direct investments and active risk management, according to Citi Wealth.
Citi Wealth's 2026 Global Family Office Report, based on a survey of 351 family offices across 41 countries, found that 26 per cent of APAC respondents achieved year-to-date portfolio returns of more than 15 per cent, the highest among regions surveyed.
APAC family offices also set more ambitious return targets, with 22 per cent targeting annual returns above 15 per cent, nearly twice the global average.
The report, compiled by Citi Wealth's Global Family Office Group, which works with more than 1,900 family offices worldwide, surveyed clients in June and July, with APAC accounting for 22 per cent of respondents.
Alexandre Monnier, head of family office advisory at Citi Wealth, said, ""As the world around us becomes more complex, family offices are uniquely positioned to build resilient portfolios, reimagine their operations and professionalise in ways that enable their families to achieve ambitious goals.""
The strong performance has not translated into complacency, with APAC family offices taking a more active approach to managing market volatility.
About 62 per cent adopted active management while 49 per cent used hedging strategies, both above global averages.
The findings suggest a greater sophistication in risk management. Rather than viewing risk management as a defensive exercise, family offices increasingly approach it actively, as tactical portfolio adjustments rather than significant strategic repositioning.
""Family offices globally are balancing conviction with resilience, opportunity with discipline, and growth with stewardship,"" said Dawn Nordberg, head of Integrated Client Solutions and the Global Family Office Group at Citi Wealth.
Direct investing is another defining feature of the APAC market, with 79 per cent of respondents participating in direct investments, the highest rate globally.
Internal investment teams were the leading source of direct investment opportunities for 77 per cent of APAC respondents, pointing to greater investment professionalisation within the region's family offices.
AI has emerged as the standout investment theme. Some 80 per cent of APAC family offices identified AI as a primary sector focus for direct investments, alongside interest in healthcare, robotics and software.
APAC family offices also showed the highest level of comfort with digital assets globally, with half reporting no significant barriers to adoption.
At the same time, financial stability and market volatility remain major concerns, cited by 53 per cent and 52 per cent of APAC respondents, respectively.
Bernard Wai, head of Asia for Integrated Client Solutions and Global Family Office at Citi Wealth, said the findings pointed to a maturing APAC family-office sector adopting increasingly institutional investment practices.
""Family offices across Asia Pacific have evolved to become increasingly sophisticated, requiring the talent, setup and governance for a sovereign wealth fund-like investment mindset.
""Whether it is expanding into direct investing programmes, leveraging AI interfaces, or executing cross-border tax-aware transactions, family offices here are taking a more holistic approach to wealth stewardship,"" he said.
Despite shifting macroeconomic indicators and geopolitical concerns, nearly 90 per cent of respondents reported positive portfolio performance year-to-date, while 41 per cent continue to target annual returns of 7.0 per cent to 10 per cent.
Public equities regained prominence, with nearly half of respondents increasing their exposure during the year, making the asset class the leading destination for new capital.
Private markets, meanwhile, remained a strategic component of family-office portfolios, although investors were becoming more selective and placing greater emphasis on sourcing, expertise and differentiated access.
The report also found that family offices are moving beyond experimentation with AI, deploying it for investment analysis, information management, reporting, workflow automation and decision support.
Rather than relying on AI to generate investment returns, family offices are primarily using the technology to improve productivity, speed up information processing and strengthen due diligence, while retaining human oversight of final decisions.
Citi said family wealth is increasingly international, with 38 per cent of respondents expecting family globalisation to rise in the next five years.
""With many respondents reporting assets, businesses and family members located across multiple jurisdictions, tax coordination, asset structuring, regulatory compliance and cross-border planning are becoming larger responsibilities for family offices.
""Building cross-border expertise will be essential as rising global complexity becomes a foundational aspect of family wealth,"" it said.
Citi also said succession is emerging as another immediate priority, with about one-third expecting leadership transitions within their family, family office or family business over the next five years.
The survey was launched at Citi Wealth's 11th Annual Family Office Leadership Summit in June, attended by more than 150 family-office leaders from over 25 countries, representing families with an average net worth of US$2.1 billion.
© New Straits Times Press (M) Bhd"
New Straits Times,#NSTviral: F1 fans demand Malaysia's permanent return to the F1 calendar,https://www.nst.com.my/news/nst-viral/2026/10/1547791/nstviral-f1-fans-demand-malaysias-permanent-return-f1-calendar,"Mon, 05 Oct 2026 09:00:24 +0800","KUALA LUMPUR: The roar of Formula One engines at Sepang International Circuit (SIC) has reignited a global clamour for Malaysia's permanent return to the F1 calendar.
Fans and commentators online declared the Gulf Air Bahrain Grand Prix in Malaysia one of the best races of the season and called on the sport's organisers to make a return.
Social media was flooded with tributes to the SIC in the hours after the chequered flag yesterday, with the overwhelming sentiment being that Malaysia should never have left the calendar and should not be allowed to leave again.
F1 commentator Matt Gallagher captured the mood succinctly in a post on X that drew more than 24,000 likes: ""Petition to have Malaysia on the calendar every year till the end of time.""
Motorsport outlet The Race leaned into the euphoria with a satirical ""proposed 2027 F1 calendar"" — listing all 24 grand prix weekends as being held in Malaysia, to the delight of fans who flooded the post with approving replies.
User @atrocidadcasera proposed a similar solution: ""Listen all I'm saying is we could have many countries host their GPs in Malaysia.
""We could have the Spanish GP in Malaysia. We could have the Miami GP in Malaysia. We could even have the Monaco GP in Malaysia. Sepang, I love you.""
Beyond the jokes, more measured voices made a substantive case for Sepang's return.
User Stefan wrote: ""We need this track back on the calendar. Might have been the best race of the season so far? It's not just a drivers track, it's a racing track. So, so good.
""I hope the Malaysian government can work something out to make it financially viable, we need Sepang desperately.""
User Paul McGinnes was equally effusive: ""Now this... this is a proper race track. The 2026 Bahrain GP at the Sepang International Circuit, in Malaysia, was absolutely fantastic.
""It was a special event and the fans broke new records to attend it. I hope this isn't a one-off and that the Malaysian GP makes a return.""
Others were more blunt.
User Hunter wrote: ""Malaysia should've never been taken off the calendar. I know it's a two-wheel-centred country but it's a great track and one of Tilke's (Hermann Tilke) finest creations.
Yesterday, Prime Minister Datuk Seri Anwar Ibrahim said the
government is actively discussing the possibility
of having Malaysia back on the F1 calendar.
The Gulf Air Bahrain Grand Prix in Malaysia was triggered by the war in the Middle East, rendering Bahrain and Saudi Arabia unsafe to host F1 races earlier in the season.
The 2026 event, held from Oct 2 to 4, was relocated from Bahrain to Sepang following an agreement involving the Malaysian and Bahrain governments, F1 and the FIA.
It was the first F1 race at SIC since 2017.
© New Straits Times Press (M) Bhd"
New Straits Times,"Retiree loses RM367,950 in WhatsApp investment scam",https://www.nst.com.my/news/regional/2026/10/1547786/retiree-loses-rm367950-whatsapp-investment-scam,"Mon, 05 Oct 2026 08:56:36 +0800","KUALA TERENGGANU: A retiree in his 70s lost RM367,950 in savings and proceeds from a land sale after falling victim to an online investment scam involving a woman he befriended on WhatsApp.
Kuala Terengganu police chief Assistant Commissioner Azli Mohd Noor said the victim lodged a police report at 11.49am yesterday.
He said the victim was first contacted on July 31 by a woman identifying herself as ""Via"", who claimed she had messaged him by mistake, believing he was a contractor named ""Mahdir"".
""Through their subsequent interactions, the suspect developed a close relationship with the victim and offered him an opportunity to join an investment scheme to generate income.
""To gain his trust, the victim received returns from his first three transactions, convincing him that the scheme was legitimate,"" he said.
Azli said the suspect subsequently instructed the victim to transfer investment capital in stages to several bank accounts allegedly serving as intermediaries for the scheme.
Between Aug 22 and Sept 30, the victim made 72 transactions involving 13 accounts, transferring a total of RM367,950.
However, he received no further returns.
The victim was later told that his accumulated capital and profits on the platform had exceeded RM800,000 and were ready for withdrawal.
""However, when he attempted to withdraw the money, the main platform operator claimed there was an issue with his account, citing an 'abnormal relationship between funds and tax'.
""The operator then demanded an additional RM80,765 as a processing fee before the funds could be released,"" Azli said.
He said the victim refused to pay after suspecting that the operator was deliberately imposing additional charges and making excuses to prevent him from withdrawing his money.
The victim then lodged a police report.
Azli said the money lost comprised the victim's personal savings and proceeds from a recent land sale.
The case is being investigated under Section 420 of the Penal Code for cheating.
© New Straits Times Press (M) Bhd"
New Straits Times,Ringgit opens higher as weak US jobs data weighs on dollar,https://www.nst.com.my/business/economy/2026/10/1547779/ringgit-opens-higher-weak-us-jobs-data-weighs-dollar,"Mon, 05 Oct 2026 08:50:19 +0800","KUALA LUMPUR: The ringgit opened higher against the US dollar on Monday, following reduced expectations of a United States Federal Reserve (Fed) interest rate hike amid weaker-than-expected US jobs data, which is weighing on the greenback.
At 8am, the ringgit rose to 4.0805/0870 against the US dollar from Friday's close of 4.0820/0870.
Bank Muamalat Malaysia Bhd chief economist Dr Mohd Afzanizam Abdul Rashid said the latest nonfarm payrolls (NFP) report showed that US job creation was lower than expected, with only 29,000 jobs added in September versus the consensus estimate of 90,000.
""The US unemployment rate also increased slightly to 4.2 per cent in September, after staying at 4.1 per cent for the previous two months.
""This suggests that the Fed may decide not to raise interest rates at its upcoming meeting on Oct 27-28,"" he told Bernama.
The ringgit traded higher against most major currencies at the opening.
It rose against the Japanese yen to 2.5867/5910 from 2.5906/5941 at Friday's close and strengthened against the euro to 4.5918/5991 from 4.5927/5983. However, it weakened against the British pound to 5.4030/4116 from 5.3927/3993.
Against regional currencies, the ringgit traded mixed.
It strengthened against the Singapore dollar to 3.1891/1945 from 3.1908/1952 at Friday's close and rose against the Thai baht to 12.1516/1764 from 12.1579/1778.
The local note was unchanged against the Philippine peso at 6.52/6.54 and the Indonesian rupiah at 228.2/228.6.
© New Straits Times Press (M) Bhd"
New Straits Times,Chinese tourist dies after snorkelling off Pom Pom Island,https://www.nst.com.my/news/regional/2026/10/1547774/chinese-tourist-dies-after-snorkelling-pom-pom-island,"Mon, 05 Oct 2026 08:40:42 +0800","SEMPORNA: A 66-year-old tourist from China died after losing consciousness while snorkelling with her family off Pom Pom Island here yesterday.
In the12.30pm incident, the woman from Yunnan, China, reportedly complained of feeling unwell before asking to be taken back onto the boat.
Semporna police chief Superintendent Tan Hiap Wah said the woman was then found unconscious after she was brought onto the boat.
""Efforts were made to perform cardiopulmonary resuscitation (CPR) on the victim, but she did not respond.
""She was then taken to Semporna Hospital for further treatment,"" he said in a statement today.
Tan said doctors later confirmed that the woman, who had a 10-year history of asthma, had died.
He said police were still investigating to determine the circumstances surrounding the incident.
He also advised tourism operators to prioritise safety, especially during water-based recreational activities.
Police urged anyone with information about the incident to come forward at the nearest police station or contact investigating officer Assistant Superintendent Mohammad Ali Amat at 013-2120852.
© New Straits Times Press (M) Bhd"
New Straits Times,"Reflationist ex-BOJ policymaker calls end to low rates, big spending",https://www.nst.com.my/business/economy/2026/10/1547769/reflationist-ex-boj-policymaker-calls-end-low-rates-big-spending,"Mon, 05 Oct 2026 08:31:59 +0800","TOKYO: Japan no longer needs expansionary fiscal and monetary policies aimed at boosting demand, former Bank of Japan (BOJ) board member Asahi Noguchi told Reuters, projecting another interest rate hike by the central bank in December.
The remarks by Noguchi, a reflationist academic who served at the BOJ until March, highlight how years of rising inflation and wages are causing a shift in mindset among those who were once advocates of big spending and loose monetary policy.
""Underlying inflation is near the BOJ's 2.0 per cent target and wages are becoming embedded at levels consistent with 2.0 per cent inflation. If so, it would be too risky to implement policies that boost demand,"" Noguchi said in an interview on Friday.
After spending years treading cautiously in policy normalisation, the BOJ picked up pace in raising rates by hiking in June and September as the Iran war-induced energy shock added to price pressures from rising import costs via a weak yen.
While the BOJ probably hoped to keep moving cautiously to prevent another economic downturn, it had little choice but to speed up rate hikes to avoid causing unwelcome yen falls, Noguchi said.
""It's hard for the BOJ alone to move slowly when other central banks are shifting to a rate-hike mode amid global inflationary pressures,"" he said.
""The BOJ won't openly say so but it's mostly concerned about the risk of a yen slide below 160 versus the dollar that would cause a fresh wave of food inflation.""
A weak yen has become a headache for Japan as it boosts import costs. The yen has hovered around 158, near the 160 line seen by markets, heightening the chance of yen intervention, as prospects of near-term US rate hikes strengthen the dollar.
While receding prospects of a US rate hike in October will likely allow the BOJ to sit pat this month, there is a good chance it will raise its policy rate to 1.5 per cent from the current 1.25 per cent in December, Noguchi said.
PHASING OUT REFLATIONISM
The BOJ could eventually lift its policy rate to 1.75 per cent or even 2.0 per cent, depending on how far its US counterpart could raise rates and on developments in the Middle East conflict, he said.
While a rate hike to 1.75 per cent is unlikely to hurt the economy, an increase to 2.0 per cent could be risky, as it could shock households and firms long used to ultra-low borrowing costs, he said.
""With so much uncertainty on how its rate hikes affect the economy, the BOJ probably wants to take things very slowly,"" Noguchi said. ""But market forces won't let it do so.""
Noguchi joined the BOJ board in 2021 as a reflationist advocate of aggressive monetary easing. He dissented to the BOJ's decision to end negative rates in 2024 and a hike to 0.25 per cent that year. But he voted for two rate rises thereafter.
Investors have sold yen and Japanese government bonds on concern the BOJ may be behind the curve on inflation. Premier Sanae Takaichi's big spending plans are also blamed for the selloff by heightening attention to Japan's worsening finances.
With the output gap now positive, Japan must avoid ramping up spending, as excessively loose fiscal policy could push up bond yields and dampen corporate investment, said Noguchi, who is currently a professor at Japan's Senshu University.
""Japan doesn't need policies to boost demand, as expansionary fiscal policy would crowd out private investment, while too-low interest rates would cause yen falls,"" Noguchi said. ""In short, reflationary policies no longer have a role to play in Japan.""
© New Straits Times Press (M) Bhd"
New Straits Times,"Georgia block party shooting kills two, injures dozens",https://www.nst.com.my/world/world/2026/10/1547766/georgia-block-party-shooting-kills-two-injures-dozens,"Mon, 05 Oct 2026 08:21:34 +0800","NEW YORK: A shooting early on Sunday at a Georgia block party left two people dead and almost three dozen injured, some critically, local and state officials said.
Dooly County Sheriff Craig Peavy told a news conference that two men, aged 21 and 23, were shot dead in Vienna, Georgia, about 135 miles (216 km) south of Atlanta.
Thirty-five people were injured, mostly by gunshot wounds, officials told reporters.
They said hundreds of people had attended the event, which came at the end of Dooly County High School's homecoming week.
Authorities do not believe there is a remaining threat to the public, but have not publicly named any suspects or persons of interest, and have not identified a motive for the shooting.
""We don't want to presume as to what caused it,"" said Chris Hosey, director of the Georgia Bureau of Investigation.
Those wounded range in age from 14 to 51, officials said. — REUTERS
© New Straits Times Press (M) Bhd"
New Straits Times,"TH investment strategy, risk management among issues in Dewan Rakyat today",https://www.nst.com.my/news/nation/2026/10/1547764/th-investment-strategy-risk-management-among-issues-dewan-rakyat-today,"Mon, 05 Oct 2026 08:20:37 +0800","KUALA LUMPUR: Tabung Haji's (TH) investment strategy and risk management will be among the issues raised when the Dewan Rakyat resumes sitting today.
Datuk Che Mohamad Zulkifly Jusoh (PN-Besut) is scheduled to ask the Prime Minister about measures to diversify TH's investment portfolio and ensure the sustainability of its funds, according to the parliament's order paper.
He will also ask about measures being taken to ensure TH can continue helping Malaysians meet the cost of performing the haj.
The safety of Malaysians abroad will also come under scrutiny, with Datuk Seri Sh Mohmed Puzi Sh Ali (BN-Pekan) scheduled to ask the foreign minister about measures to strengthen the registration system for Malaysians travelling or staying abroad.
He will also ask whether registration should be made compulsory for high-risk destinations to ensure Malaysians can be located and assisted promptly in the event of a tragedy, disaster or emergency.
Food security and dependence on imports will also be raised, with Khoo Poay Tiong (PH-Kota Melaka) scheduled to ask the agriculture and food security minister about efforts to reduce food imports, which exceeded RM90 billion in 2025, as well as action against the dumping of imported products.
Meanwhile, Oscar Ling Chai Yew (PH-Sibu) will ask the higher education minister about the latest status of the Universities and University Colleges Act 1971 (Auku) following its repeal, including the implementation timeline, transition mechanism and status of drafting the new legislation.
The latest developments in negotiations between the federal and Sarawak governments on the implementation of the Malaysia Agreement 1963 (MA63) relating to regulatory powers over oil and gas, will be raised by Datuk Willie Mongin (GPS-Puncak Borneo).
Datuk Seri Dr Zaliha Mustafa (PH-Sekijang) is scheduled to ask the economy minister about the timeline for tabling the National Ageing Action Plan in the Dewan Rakyat and the setting of specific indicators to measure the silver economy's contribution to gross domestic product (GDP).
Datuk Dr Ku Abd Rahman Ku Ismail (PN-Kubang Pasu) will also ask the digital minister about the government's position on calls to slow down artificial intelligence (AI) development and the proposed drafting of the Malaysian AI Act.
The sitting will also see the first readings of two Bills — the Sports Development (Amendment) Bill 2026 by the youth and sports minister and the Food (Amendment) Bill 2026 by the health minister.
It will also continue with briefings on three reports by Parliamentary Select Committees and the Public Accounts Committee (PAC), including those on refugee management in Malaysia and the management of court bail payments through the e-Jamin system.
The third meeting of the fifth session of the 15th Parliament will run for 37 days until Dec 8.
© New Straits Times Press (M) Bhd"
New Straits Times,Oil climbs after Yemeni Houthis attack Saudi Aramco sites,https://www.nst.com.my/business/economy/2026/10/1547762/oil-climbs-after-yemeni-houthis-attack-saudi-aramco-sites,"Mon, 05 Oct 2026 08:20:02 +0800","SINGAPORE: Oil prices rose on Monday after Yemen's Iran-backed Houthis said they launched ballistic missiles and drones at Saudi Aramco sites in Riyadh and the Khurais area, raising concerns about production at the top exporter in the region.
Brent crude futures climbed US$0.81, or 0.79 per cent, to US$103.06 a barrel by 2202 GMT, while US West Texas Intermediate crude was at US$91.57 a barrel, up US$0.46, or 0.50 per cent.
© New Straits Times Press (M) Bhd"
New Straits Times,Eight areas hit unhealthy API levels,https://www.nst.com.my/news/nation/2026/10/1547758/eight-areas-hit-unhealthy-api-levels,"Mon, 05 Oct 2026 08:04:57 +0800","KUALA LUMPUR: Eight areas recorded unhealthy Air Pollutant Index (API) readings as of 7am today.
According to the Air Pollutant Index Management System (APIMS) portal, four areas in Johor recorded unhealthy API readings — Pasir Gudang (153), Batu Pahat (152), Larkin (152) and Segamat (108).
Four other areas also recorded unhealthy readings which are Johan Setia, Selangor (154); Cheras, Kuala Lumpur (152); Putrajaya (147); and Nilai, Negri Sembilan (126).
Meanwhile, 59 areas recorded moderate API readings, including Batu Muda (99), Bukit Rambai (97), Shah Alam (95), Seremban (93) and Kluang (93).
In Sarawak, Serian IPD recorded a moderate reading of 98, followed by Samarahan (95), Kuching (92), Miri, Sarikei and Sri Aman (83 each), Sibu (80), and ILP Miri and Samalaju (79 each).
No areas recorded good API readings as of 7am.
An API reading of zero to 50 indicates good air quality, 51 to 100 moderate, 101 to 200 unhealthy, 201 to 300 very unhealthy, while readings above 300 are classified as hazardous.
© New Straits Times Press (M) Bhd"
New Straits Times,"Iran's oil minister resigns, president appoints replacement",https://www.nst.com.my/world/world/2026/10/1547756/irans-oil-minister-resigns-president-appoints-replacement,"Mon, 05 Oct 2026 08:02:20 +0800","ISTANBUL: Iranian Oil Minister Mohsen Paknejad has resigned, Iran's state-run Tasnim news agency reported Sunday, citing a presidential official, according to Anadolu Ajansi.
Mehdi Tabatabaei, deputy head of communications at the Iranian president's office, said President Masoud Pezeshkian has accepted Paknejad's resignation.
Hamid Bovard has been appointed acting oil minister to oversee the ministry's affairs, Tabatabaei added.
No reason was given for Paknejad's resignation, which came amid unprecedented US sanctions on Iran, particularly targeting its oil sector.
Bovard previously served as the head of the state-run National Iranian Oil Company and has spent most of his career working in oilfield operations.
US Treasury Secretary Scott Bessent said Saturday that Iran has no oil shipments remaining at sea and will generate zero oil revenue this week.
On Aug 25, the US Treasury Department announced the launch of Operation Economic Outcast, a broad campaign aimed at completely isolating Iran from the global financial system.
The US and Israel launched a war against Iran on Feb 28. Tehran responded with missile and drone attacks across the region and effectively closed the Strait of Hormuz, a strategic route for energy supplies. The US military later imposed a naval blockade on Iranian ports.
Efforts to end the war have continued since a June framework deal which seeks to pave the way for a final peace agreement covering navigation through the strategic waterway and Iran's nuclear programme.
– BERNAMA-ANADOLU
© New Straits Times Press (M) Bhd"
New Straits Times,"Lee should have served out term despite PKR differences, says Hassan",https://www.nst.com.my/news/nation/2026/10/1547753/lee-should-have-served-out-term-despite-pkr-differences-says-hassan,"Mon, 05 Oct 2026 08:00:22 +0800","KUALA LUMPUR: Lee Chean Chung should have continued serving as Petaling Jaya member of parliament until the end of his term regardless of his differences with PKR or its president Datuk Seri Anwar Ibrahim, says one of the party's senior MPs.
Pasir Gudang MP Hassan Abdul Karim said Lee should have followed the example of Sembrong MP Datuk Seri Hishammuddin Hussein, who continued serving his constituency and attending Parliament despite being suspended from Umno.
""It is not proper for Lee to resign as Petaling Jaya MP. He should have served as PJ MP until Parliament is dissolved,"" he said when contacted.
Lee resigned as PJ MP on Friday after handing his resignation letter to Dewan Rakyat Speaker Tan Sri Johari Abdul.
This came after PKR suspended him for three years.
Lee claimed his suspension was linked to his outspoken stance on various issues affecting the public.
Hassan said Lee's differences with PKR or Anwar should not come at the expense of the voters who elected him.
""Why betray the PJ voters who elected him?"" he said, adding that Lee's resignation, along with those of three other former PKR MPs, could impact the push for reforms requiring two-thirds majority support.
Hassan cited proposed constitutional amendments to separate the roles of the Attorney-General and Public Prosecutor, as well as a proposal to limit the prime minister's tenure to two terms or 10 years.
""This is a betrayal by former PKR MPs who resigned irresponsibly, with the consequence of sabotaging the institutional reform agenda,"" he said.
Hassan said Lee might now face an uphill battle to defend the seat because of his actions.
PKR vice-president Datuk Seri Dr Zaliha Mustafa said the party's focus must remain on serving the people, strengthening PKR and fulfilling the mandate entrusted to it by voters.
""Changes involving an individual leader should not divert attention from our greater responsibility to the people,"" she said.
""It's not about who leaves or who joins, but about how far we can continue to earn the people's trust and fulfil the mandate they have given us.""
Lee's resignation makes him the fourth PKR MP to leave the party this year, following former deputy president Datuk Seri Rafizi Ramli and former vice-president Nik Nazmi Nik Ahmad in May, and Wong Chen in August.
© New Straits Times Press (M) Bhd"
New Straits Times,Bank Islam's pivot to profitability over volume in the digital era,https://www.nst.com.my/business/corporate/2026/10/1547748/bank-islams-pivot-profitability-over-volume-digital-era,"Mon, 05 Oct 2026 07:50:24 +0800","KUALA LUMPUR: It is not always that one sees a former digital bank's chief executive joining an incumbent bank, let alone two, within the space of a few months.
Therefore, the appointment of former chief executive officer (CEO) of Aeon Bank, Datin Paduka Raja Teh Maimunah Raja Abdul Aziz, as well as former CEO of Ryt Bank, Melvin Ooi, to lead Bank Islam Malaysia Bhd attracts the attention of those within the industry.
How would Raja Teh, who also hailed from Ambank Group prior to her stint at Aeon Bank – she was the CEO of AmInvestment Bank and managing director of the group's wholesale banking – drive Bank Islam forward in an era of digitalisation, alongside Ooi?
For Raja Teh, chasing loan growth for the sake of expansion will no longer be the game for Bank Islam. The bank is actively recalibrating its focus toward sustainable profitability, digital transformation and an enhanced customer experience.
""Our past strategy has been to drive up our balances and our assets. Now, our focus is to look at profitability. So, not necessarily the volume of the assets, but the quality from a profitability perspective,"" said Raja Teh in an exclusive interview with
Business Times
.
While the bank saw robust gross financing growth of 7.5 per cent year-on-year (YoY) to RM77.9 billion in the first half of 2026—bringing total assets to RM106.7 billion—management is actively recalibrating to ensure these assets generate sustainable returns.
To measure this shift, the bank has established strict internal targets.
For the first half of 2026, Bank Islam's annualised return on equity (ROE) stood at 6.3 per cent. The leadership views this as a baseline that must be aggressively improved upon over the medium term.
""We need to hit double digit ROE at least in the next five years. We are now at single digit. So that to me is the absolute north star,"" said Raja Teh.
NO RACE TO THE BOTTOM FOR BANK ISLAM
To do so, Raja Teh said that she is willing to ""let go"" of businesses that do not meet the necessary internal profitability targets and risk-adjusted pricing standard, particularly in the highly competitive retail sector.
She emphasised that Bank Islam will not blindly follow market price wars just to accumulate loan growth.
However, this does not mean abandoning entire segments outright, said Raja Teh. Instead, the bank intends to be highly selective, deliberately avoiding a ""sweeping"" approach to retail lending.
The overarching principle driving this shift is ""risk-based pricing,"" ensuring that capital is only deployed when the return adequately compensates for the underlying risk of the asset.
""There are some retail assets that are very competitive today. So we have to really think about how we price those assets. Not necessarily let go but say not sweeping everything within that segment.
""I mean just because you want to grow your asset book and then you take on an asset that has got poor returns, I don't see the point of that,"" said Raja Teh.
Bank Islam's strategic retreat from aggressively priced, low-yielding retail assets aligns directly with current macroeconomic pressures facing the Malaysian banking sector.
Malaysian banks are facing intensified funding competition and rising deposit costs, which directly squeeze lending margins. Bank Islam's net financing margin, or net interest margin (NIM) for conventional banks, had narrowed in the past down to 2.08 per cent.
In the first half of the financial year ending June 30, 2026 (1H FY26), Bank Islam's NIM improved to 2.12 per cent.
According to a September 2026 sector report by MBSB Research, most deterioration of asset quality is seen in the retail portfolio, as elevated cost pressure has plagued the average Malaysian over a prolonged period.
Bank Islam's household loan portfolio is an area requiring closer monitoring, as it had worsened faster compared to the post-pandemic period.
""We think some of it is the accumulation of non-packaged loans post-pandemic, which has led to further weakness in Bank Islam's loan portfolio,"" MBSB Research said in the report.
The retail market remains fiercely competitive, with some competitor banks offering Islamic home financing rates as low as 2.75 per cent to 2.88 per cent.
Bank Islam's standard offerings, such as the Baiti Home Financing-i, have higher starting rates of around 3.55 per cent, reflecting their conscious decision not to participate in the race to the bottom for retail market share.
IMPROVING COST-INCOME RATIO BY GROWING TOPLINE
Simultaneously, the bank is addressing operational efficiency. Driven by necessary investments in information technology infrastructure and talent acquisition, overhead expenses have required careful management, said Raja Teh.
""So, we are now at 67 per cent (cost-to-income ratio). That's very, very high. We definitely need to reach at least 55 per cent in the next three to five years,"" she said.
However, improving the cost-to-income ratio (CIR) to 55 per cent does not mean that Bank Islam will embark on cost-cutting measures. Instead, Raja Teh would like to improve the income denominator of the ratio.
She is hesitant to enforce strict cost-cutting measures because the bank is in a transformative phase that requires capital. The bank must continue to spend—particularly on digital platforms, architecture modernisation, and technology to automate processes—in order to scale, she said.
The bank plans to grow its topline income not just by growing traditional financing, but by diversifying into non-retail, transactional, and fee-based businesses, such as debt capital markets and wealth management.
Bank Islam is significantly expanding its non-fund-based income. The bank aims to elevate this fee-based business from the current base of around 10 per cent of income, with a long-term sight set on the industry average of 30 per cent.
This requires a deliberate push beyond traditional consumer lending, said Raja Teh.
""Moving forward, we want to do more than financing. We want to do more fee-based businesses, more transactional types of businesses, and diversify from just our retail business into non-retail,"" she said.
A core pillar of this diversification is the institutional market. ""That is a very big part of our strategy – the development of our investment banking franchise, specifically on our debt capital markets,"" she said.
Raja Teh highlighted Bank Islam's growing presence in debt capital markets (through Sukuk issuances) and the expansion of its stockbroking and asset management companies.
Additionally, the bank is developing a wealth franchise targeted at its unique, Shariah-conscious customer base, as well as launching bespoke private credit market mandates to match institutional funds with corporate clients.
""We have a stockbroking company, as you may know and we're going to expand the business of our stockbroking company. We have an asset management company. Still small. Again, we brought in some heavyweights leadership. And we hope to grow that as well,"" said Raja Teh.
Bank Islam is also growing its private credit market mandate, she said, servicing the credit needs of some of the institutional clients and funds.
INCREASING RISK APPETITE FOR COMMERCIAL PUSH
This commercial push is supported by Bank Islam's healthy balance sheet.
Bank Islam is the payroll bank for the government, affording it a highly stable foundation via direct salary deductions for civil servants. Because of this, the bank's gross impaired financing ratio stood at 0.98 per cent at the end of June 2026, well below the industry average of 1.43 per cent.
This strong credit profile gives the bank the latitude to cautiously test underpenetrated segments.
""We'll move our needle maybe by 20, 30 bids in terms of risks,"" said Raja Teh. ""So we want to go into segments that we've never been before. Maybe the smaller businesses that we've not financed before"".
Acknowledging an intense and costly competition for retail fixed deposits in the banking sector, Raja Teh plans to pivot toward corporate cash management solutions.
By helping corporate clients manage their daily operations—such as supplier payments, customer collections, and payroll—Bank Islam aims to capture low-cost operational deposits to naturally moderate overall funding costs.
""So today there's always a war on retail deposits.
""So the key thing for us is not to depend on those kinds of deposits only but we also have to look into providing, how would I say, cash management solutions to our customers so that when their money passes through us it's not because they give us money,"" said Raja Teh.
""That will help us moderate the deposit cost but generally it is not cheap. You can see deposit rates are much higher than the overnight policy rates; 100 bps above for retail deposits,"" she said.
Ultimately, this comprehensive overhaul serves a single commercial mandate: maximising value for all investors, including anchor shareholders like Lembaga Tabung Haji, while operating as a highly competitive entity.
""Our shareholder is not just Tabung Haji. We have other shareholders. Half of our shareholders are other people as well. So, you know, there's no added pressure or anything like that. It's an expectation on all of us,"" said Raja Teh.
© New Straits Times Press (M) Bhd"
New Straits Times,"Transforming Bank Islam's digital architecture, embracing open finance to better serve customers",https://www.nst.com.my/business/corporate/2026/10/1547746/transforming-bank-islams-digital-architecture-embracing-open,"Mon, 05 Oct 2026 07:49:25 +0800","KUALA LUMPUR: The appointment of Melvin Ooi, the former chief executive officer (CEO) of Ryt Bank – one of the earlier digital banks in Malaysia – as the chief technology and transformation officer (CTTO) of Bank Islam shows the bank's aggressive push towards digitalisation.
Ooi noted that transforming a 43-year-old legacy bank's digital architecture poses a unique challenge compared to starting a digital bank from scratch.
The architectural mandate requires continuous delivery so that customers experience immediate benefits rather than waiting years for a massive system overhaul, he said.
""After building a digital bank, the opportunity of transforming a legacy bank is too hard to resist,"" said Ooi. He was the founding CEO of Ryt Bank, a digital bank backed by YTL Group and SEA Ltd – two giants in their own rights in Southeast Asia's corporate scene.
In a greenfield project such as the Ryt Bank where he led between 2022 and Jan 2025, Ooi said he was given the freedom to chart the bank's infrastructure, as there isn't any legacy architecture that he needs to adhere to.
""But for us, with that 43 years of history with the customers that we have, with the things, the products that we have, you have to always look back and say, if I were to move forward, would I serve my customers better?"" said Ooi in an interview with Business Times.
""So you have to rethink your architecture, that while you build, how do you also continuously deliver so that your customers see the benefits and want to be with you. And that continuous innovation has to be there,"" he said.
The driving force behind Bank Islam's modernisation is a commitment to the user journey. Recognising that today's consumers are brand-agnostic and gravitate toward frictionless platforms, the bank is overhauling its technological backend.
""Customer experience is at the heart of what we'll be focusing on. That, I think, is a true differentiator of the old Bank Islam and the Bank Islam moving forward,"" said its group CEO Datin Paduka Raja Teh Maimunah Raja Abdul Aziz.
Talking about Ooi's mandate, Raja Teh said it is about enterprise transformation, starting with foundational repairs, before moving on to complex structural overhauls. He is expected to repair the existing systems, and completely re-architect the bank's infrastructure.
Furthermore, Bank Islam is embracing industry-wide disruptions like Open Finance. Rather than protecting its legacy data silos, the bank sees data sharing as a strategic acquisition tool.
""So, there are always phases to open finance, and I think being the only Islamic bank in the pilot, obviously, to us, is very, very critical,"" said Ooi.
""It's not the part where we want to be a close follower (of open finance), but it is important that we are there, not just about data consumption, but also lending the data.
""Because to me, it's always important how do we serve our customers better? The customers are served better by having all their information, all the things that can be done in a very frictionless environment.
""If we can get that to them, it makes a lot of sense for them to continue to stay with you. And to us, it's how do we get that fast, and how do we ensure that the products that we can get out of it also make sense to them,"" said Ooi.
With the financial sector expanding in the digital era, the shift toward online transactions has driven a sharp increase in the volume of processed customer data.
Consequently, robust infrastructure is vital to support the secure access, sharing, and processing of this financial information—forming a crucial pillar for trust and resilience across digital financial ecosystems.
Open Finance is central to this effort, establishing a safer, more structured environment for data exchange than Malaysia's current arrangements. By placing consent at the core of information sharing, Open Finance gives customers direct authority to decide how their personal financial data is accessed and utilised.
This customer empowerment, combined with data-driven innovation, helps individuals make informed financial choices, encourages tailored service offerings, and fosters broader financial inclusion.
""Because no matter how big you are, or how long you have been in the business, the data that you have on a single customer sometimes is not that much, but the ability to aggregate the data gives a lot more (opportunities for hyper-personalisation),"" said Ooi.
Moving beyond basic wealth tiering, Bank Islam is focused on executing ""hyper-personalisation"" over the next three years.
By leveraging deep customer data—including behavior, age, and lifestyle—the bank aims to present highly targeted financial solutions (similar to fast moving consumer goods or fintech marketing) rather than blindly pushing irrelevant products.
""With the ability to now, use the data, we have a lot of it, we'll be able to identify people within different segments.
""Not necessarily just about how much money you have with it, but your behavior, your age, gender, so over time, that's the next three years to develop that,"" said Raja Teh, adding that some banks have started to offer hyper-personalised rates or products.
""This is where we need to be. Banks will need to do that, because otherwise aggregators will come into the picture and then do that for you,"" she said
© New Straits Times Press (M) Bhd"
New Straits Times,Can Malaysia break the FBM KLCI's 'lost decade' curse?,https://www.nst.com.my/business/corporate/2026/10/1547744/can-malaysia-break-fbm-klcis-lost-decade-curse,"Mon, 05 Oct 2026 07:47:05 +0800","KUALA LUMPUR: Malaysia's stock market is approaching a critical test as two major reforms take shape, but whether they can finally help it break out of what many describe as its ""lost decade"" remains an open question.
The FTSE Bursa Malaysia KLCI (FBM KLCI) continues to trade below its historical valuation despite the country's economic expansion over the past decade, which has fuelled business growth and earnings.
Yet that growth has not translated into sustained gains for the benchmark, which stubbornly remains below its all-time high of 1,895.18 points recorded in April 2018.
According to MBSB Research, the FBM KLCI is currently trading at 14.8 times its 2026 earnings, below its 10-year average of 16 times, while consensus estimates point to 8.4 per cent earnings growth this year.
This means investors were previously willing to pay RM16 for every RM1 of annual earnings generated by the companies in the index. Today, they are paying 7.5 per cent less.
The FBM KLCI last closed at 1,630.87, down 13.95 per cent from its 2018 peak. It has since struggled to reclaim the 1,800-point mark, although investors would have earned additional returns through dividends.
MBSB Research has set an end-2026 target of 1,770 points and a preliminary target of 1,850 points for 2027. But what would it take for the benchmark to break through the 1,900-point mark?
The firm's research head Imran Yassin Md Yusof said the experiences of stock markets in Singapore, Japan and South Korea show that prolonged stagnation need not be permanent, and Malaysia could follow a similar path.
He said the ""lost decade"" description was more applicable to the FBM KLCI than to Bursa Malaysia as a whole, as the broader market, particularly mid-cap stocks, had performed better.
Year to date, the FBM Mid 70, which tracks mid-cap stocks, has risen 629.46 points, or 3.74 per cent, to 17,481.93. In contrast, the FBM KLCI has fallen 38.89 points or 2.33 per cent.
For the benchmark to achieve a sustained breakout, Imran said Malaysia would need to draw lessons from its regional peers, strengthen domestic investor participation and ensure that its planned reforms deliver tangible results.
LESSON FROM REGIONAL MARKETS
Singapore offers a particularly relevant comparison, having experienced its own prolonged period of stock market stagnation before the Straits Times Index (STI) broke out of its previous trading range.
The STI surpassed its previous record closing high of 3,906.16 points, set in October 2007, in February 2025 after more than 17 years, before climbing to a fresh record close of 5,801.96 points on Sept 4 this year.
Imran attributed part of the renewed interest in Singapore's market to initiatives aimed at improving corporate value, capital allocation and investor engagement.
Singapore introduced its Value Unlock Programme in 2025 to encourage listed companies to strengthen their corporate strategies, improve capital allocation and communicate more effectively with investors.
Japan and South Korea have also pursued measures to encourage listed companies to improve shareholder value.
Japan's Nikkei 225 surpassed its 1989 record in February 2024 after more than three decades, while South Korea's Kospi has recorded substantial gains, supported by domestic investors and the performance of major technology companies.
Imran said South Korea's experience demonstrated that a stock market could advance despite foreign fund outflows.
""Despite South Korea having consistently been seeing net foreign fund outflows, the domestic market is vibrant enough to take the index higher,"" he told Business Times in an interview.
He said Malaysia could similarly benefit from a stronger domestic investor base rather than depending too heavily on foreign capital.
""The domestic investors have more confidence in overtaking the foreigners in that sense. So it's not impossible for Malaysia to similarly see the same, potentially,"" he said.
While different factors have driven the recovery of these markets, Imran said their experiences offer Malaysia valuable lessons as it seeks to break out of its prolonged stagnation.
MALAYSIA'S TWO MAJOR REFORMS
The MY Value Up Programme, introduced by the Securities Commission and Bursa Malaysia in April, aims to encourage listed companies to strengthen their fundamentals, improve capital allocation and communicate their value more effectively to investors.
The programme initially targets 88 listed companies that collectively account for about 80 per cent of Bursa Malaysia's total market capitalisation.
Imran said the initiative could provide Malaysia with a catalyst similar to the programmes introduced in other Asian markets, particularly Singapore.
The key would be ensuring that companies translate the programme's objectives into tangible improvements, he added.
The second reform is the planned expansion of the FBM KLCI from 30 to 50 constituents, beginning in December 2026 and scheduled for completion in June 2027.
Imran said the change could address one of the benchmark's structural weaknesses by making it more representative of Malaysia's broader economy.
The existing index comprises just 30 companies out of more than 1,000 listed on Bursa Malaysia, with banking stocks accounting for about 40 per cent of its weighting.
That concentration means the benchmark does not fully capture growth across other sectors, including technology, retail and construction.
""So, the market overall could be doing well, but if the index is not, then people will say the market is bad,"" he said.
""By increasing it to 50 stocks, it is a bit more reflective, I guess, of Malaysia's economy.""
A broader index could give greater representation to companies benefiting from newer growth areas, although its eventual performance would still depend on the constituents selected and their respective weightings.
EXECUTION HOLDS THE KEY
Beyond the two reforms, Imran said stronger domestic participation would be essential to sustaining a recovery.
He pointed to the surge in retail trading during the Covid-19 period as evidence that local investors could make a meaningful contribution to market activity.
Greater participation by institutional and retail investors could deepen liquidity and reduce the market's dependence on foreign fund flows.
He also said attracting larger, higher-quality listings could help generate investor interest, rather than focusing solely on the number of initial public offerings.
Ultimately, Imran said, the challenge was not a lack of initiatives but ensuring that they were implemented effectively.
He cited Singapore's experience, where companies had taken steps such as improving capital allocation and undertaking share buybacks as part of broader efforts to enhance shareholder value.
""I think implementation will be the key here,"" he said.
As for when Malaysia might finally break out of its prolonged stagnation, Imran was reluctant to name a specific year, citing uncertainties in the global market.
He expressed hope that Malaysia could emulate the experience of its regional peers by the end of the decade, but said the timing would depend on how effectively the reforms were carried out.
""Whether it's going to come in 2027, or 2028, or 2029, it depends, really,"" he said.
© New Straits Times Press (M) Bhd"
New Straits Times,Norway turned oil into wealth,https://www.nst.com.my/business/insight/2026/10/1547742/norway-turned-oil-wealth,"Mon, 05 Oct 2026 07:42:50 +0800","Norway and the United Kingdom discovered major petroleum resources in broadly the same North Sea geological system at roughly the same historical moment. Ekofisk, in the Norwegian sector, was discovered in 1969–70, while Forties, one of Britain's great early fields, followed in 1970.
The circumstances appeared remarkably similar. Both were mature European democracies with strong institutions, access to international capital and technology, and the opportunity to transform a major offshore petroleum discovery into national prosperity.
Yet more than half a century later, their petroleum legacies look very different.
Norway possesses one of the world's largest sovereign investment funds. At the end of 2025, its Government Pension Fund Global was worth about NOK21.3 trillion. Britain, meanwhile, earned enormous revenues from North Sea petroleum, benefited from improved energy security and developed a formidable offshore industry. But it accumulated no comparable national petroleum fund.
The essential difference can be stated simply.
Britain largely converted North Sea petroleum into public revenue. Norway increasingly converted it into national capital.
That distinction — between income to be spent and wealth to be preserved — may be the most important lesson of the North Sea.
From Waterfalls to Petroleum
Norway did not suddenly discover resource statecraft when it discovered oil.
Long before petroleum, the country had confronted a similar question over hydropower: who should ultimately benefit from the economic rent generated by a scarce national resource?
From the early twentieth century, Norwegian concession and reversion arrangements were designed to prevent strategic hydropower resources from passing permanently beyond national control. That history created an institutional memory: private capital could participate, foreign expertise could be welcomed and commercial profits could be earned, while the underlying resource remained a national asset.
When petroleum arrived decades later, Norway was therefore not starting with a blank sheet of paper.
Norway did not nationalise the entire petroleum industry. International companies supplied capital, technology and expertise. But the state positioned itself simultaneously as regulator, tax collector and commercial participant.
It created Statoil, now Equinor, and developed direct government participation through what became the State's Direct Financial Interest, or SDFI. The state owns interests in particular petroleum fields, pipelines and facilities, bears its share of investment costs and receives the corresponding share of income. Norway also imposed substantial taxation on petroleum rents.
The Norwegian model was therefore never simply state versus market.
It was closer to state stewardship of the resource, private expertise, commercial incentives and deliberate capture of economic rent.
Britain's experience was more complicated than the conventional comparison sometimes suggests.
The UK did not simply hand the North Sea to private oil companies. Petroleum resources were vested in the Crown and companies were licensed to explore and produce them. Britain also introduced Petroleum Revenue Tax and ring-fenced corporation taxation after concerns emerged in the 1970s that the Exchequer was receiving an insufficient share of petroleum profits.
Nor was state participation absent. The British National Oil Corporation was established in 1975, giving government a direct role in North Sea development. In the 1970s, therefore, British and Norwegian approaches were less diametrically opposed than subsequent history sometimes implies.
The divergence became clearer afterwards.
Britain moved progressively towards privatisation. BNOC's exploration and production business became Britoil; a majority stake was sold in 1982, followed by the government's remaining holding several years later. Norway also partially privatised Statoil, but retained substantial state ownership while keeping the SDFI as a separate mechanism of direct participation in petroleum assets.
The difference was therefore not that one country believed in markets while the other rejected them.
Both used markets.
The deeper difference concerned what the state intended ultimately to do with the wealth generated by the resource.
From Petroleum Revenue to National Wealth
Norway did not save every petroleum krone from the beginning. For many years, petroleum income also flowed through the budget. Its Petroleum Fund was established only in 1990, with the first transfer made in 1996.
But the principle that eventually emerged was profound.
Oil beneath the seabed is an asset. Extracting and selling it does not automatically make a country richer. If the proceeds are consumed, one national asset has simply disappeared into current expenditure. If the proceeds are invested, physical wealth beneath the sea has been converted into financial wealth held for the future.
That is the intellectual foundation of Norway's sovereign wealth model.
Most of the fund is invested abroad, helping separate petroleum wealth from immediate domestic spending pressures and reducing some of the risks commonly associated with commodity booms.
Britain made a different choice.
This should not be confused with saying that British petroleum wealth was simply ""wasted"". North Sea oil and gas improved the balance of payments, generated employment, created a sophisticated offshore engineering industry around places such as Aberdeen, reduced energy imports and produced substantial government revenue.
The distinction is subtler.
Britain predominantly absorbed petroleum receipts into general public finances. Norway increasingly sought to preserve a visible portion of petroleum wealth as a national financial asset.
One country largely treated petroleum receipts as government income.
The other increasingly treated them as proceeds from the conversion of national capital.
Over several decades, that difference compounds.
Population also matters. Norway's population is only a fraction of Britain's. Even with identical petroleum revenues, Norway would therefore possess substantially more petroleum wealth per citizen. The two countries' fields also differed in geology, production profiles, timing and depletion. It would consequently be wrong to suggest that Britain could simply have copied Norway and produced identical living standards or wealth per capita.
Nor should Norway's high standard of living be attributed to petroleum alone. Norway entered the oil era with competent public institutions, human capital and a productive economy. Britain, meanwhile, is a vastly larger and more diversified economy whose contemporary economic challenges reflect productivity, investment, housing, regional inequality, demographics and many other forces.
The North Sea comparison is therefore strongest not as an explanation of living standards, but as an argument about national balance sheets and intergenerational wealth.
The Difference Between Revenue and Wealth The deepest lesson is not simply about public versus private ownership.
Both countries employed private companies. Both taxed petroleum profits. Both licensed private exploration. Both experimented with state participation.
What distinguished Norway was the combination of ownership, taxation, institutional restraint and, ultimately, an explicit mechanism for ensuring that a finite geological asset could become a continuing financial asset.
Norway's earlier experience with hydropower helps explain the continuity. For more than a century, the country repeatedly applied a remarkably consistent proposition: capital may be private, expertise may be foreign and operations may be commercial, but a substantial share of the economic rent generated by national natural resources should accrue to the nation.
That is why the story of Norway may ultimately be less about petroleum than about institutions.
The sequence is revealing: waterfalls became electricity; petroleum became financial assets; temporary resource rents became intergenerational wealth.
For Malaysia and other resource-producing economies, the question is therefore larger than how much tax, royalty or dividend the state collects in any particular year.
The more enduring question is this: When a finite natural resource is extracted today, what asset is being left behind for citizens tomorrow?
That is the difference between managing resource revenue and managing national wealth.
© New Straits Times Press (M) Bhd"
New Straits Times,"Sustainability, AI, and the new era of corporate reporting",https://www.nst.com.my/business/insight/2026/10/1547740/sustainability-ai-and-new-era-corporate-reporting,"Mon, 05 Oct 2026 07:42:06 +0800","As universities across the nation prepare to celebrate the success of our new accounting graduates this year, a familiar but pressing question lingers in the minds of many soon-to-be graduates: where do we go from here?
Traditionally, the path to becoming a professional accountant has centred on mastering technical accounting-related competencies such as financial reporting, auditing, taxation, and management accounting. While these competencies remain essential, the accounting profession is presently navigating waves of transformation. With sustainability reporting, and artificial intelligence (AI) gaining global momentum, our graduates are rightfully wondering what this means for their careers. More importantly, what can they do today to remain resilient and competitive in tomorrow's workplace?
The end of standalone reporting
One of the most important shifts in the field is the growing demand for greater credibility and assurance over sustainability information. In the past, organisations could issue sustainability reports with limited external verification. Today, investors, regulators and other stakeholders increasingly expect sustainability-related information to be supported by stronger controls, reliable data and appropriate assurance.
In Malaysia, sustainability reporting is also moving from largely voluntary practice toward formal regulatory requirements. Under the National Sustainability Reporting Framework (NSRF), companies within its scope are progressively required to disclose sustainability-related risks and opportunities using the IFRS Sustainability Disclosure Standards, which includes IFRS S1 and IFRS S2. These requirements are intended to improve the consistency, comparability and reliability of sustainability information provided by companies.
Implementation is being phased according to company size and market segment. For companies listed on Bursa Malaysia, large Main Market issuers with a market capitalisation of RM2 billion or more began applying the NSRF requirements for annual reporting periods in 2025, followed by other Main Market issuers from 1 January 2026 and ACE Market issuers from 1 January 2027. The NSRF also extends beyond Bursa-listed companies, with qualifying large non-listed companies with annual revenue of RM2 billion or more required to begin from 1 January 2027.
As sustainability reporting becomes a formal requirement for a wider range of companies, accountants are likely to take on a broader role in managing, interpreting and assuring sustainability-related information. Future professionals may find themselves verifying carbon emissions data, scrutinising climate-related disclosures, assessing sustainability controls, and providing assurance on environmental, social, and governance (ESG) information. Accountants are therefore likely to play a growing role in the verification and assurance of emissions and other sustainability-related information.
Sustainability reporting, however, should not be viewed as a standalone box-ticking exercise relegated to a few pages of an annual report. Instead, organisations are increasingly expected to demonstrate precisely how sustainability considerations drive financial performance, shape business strategy, and contribute to long-term value creation. This fundamentally demands a mindset of 'connected thinking'. The contemporary accountant must possess the acumen to link non-financial issues such as climate risk andsocial equity directly to financial outcomes and organisational risks. The ability to translate these dynamic environmental and social variables into measurable business performance is fast becoming a valuable skill for accounting professionals.
The tech-driven shift to ""intelligent"" analysis
Simultaneously, technology is expanding the boundaries of the accounting profession. The growing importance of sustainability reporting is closely linked to the rise of digital technologies and artificial intelligence. Sustainability information often draws on large and varied datasets, including emissions, energy use, supply-chain activity, waste, and social indicators, many of which involve estimates and managerial judgement. AI and advanced analytics can help organisations process, compare and interpret this information more efficiently. Yet this introduces new questions for accountants concerning data quality, reliability, bias, traceability, internal controls and assurance, which requires a distinct set of competencies.
By 2026, AI in accounting has evolved far beyond basic automation into predictive risk forecasting and real-time financial visibility. Employers are now increasingly seeking graduates who are not only technically sound but are also highly agile with data analytics tools, digital reporting ecosystems, and AI applications. The future accountant is expected to be a skilled translator, capable of deciphering insights from vast datasets and communicating them effectively to stakeholders.
Furthermore, as climate risk reporting takes centre stage, accountants must step out of their traditional silos. Engaging with disciplines such as environmental science, sustainable engineering, and public policy is now important if they are to meaningfully uphold their role as the primary custodians of integrated business intelligence.
Preparing for a dynamic landscape
A primary developmental focus is sustainability literacy. Today, grasping ESG issues is no longer a peripheral 'good-to-have'; it is a core business imperative. Building a good foundational understanding of ESG issues and global frameworks, such as the ISSB's Sustainability Disclosure Standards, is now a crucial part of an accounting graduate's repertoire. As sustainability ceases to be the exclusive domain of policymakers and environmental scientists, the traditional wall separating the 'accountant' from the 'sustainability professional' is dissolving. The future of corporate reporting demands professionals who can seamlessly integrate these diverse metrics to provide a more holistic picture of organisational health.
Strengthening data and AI literacy will also be increasingly important. The true strength of data analytics lies in its ability to standardise and synthesise massive amounts of messy logistical data, from supply chain traceability metrics to energy consumption records. It is not the main 'hero', yet it will allow accountants to make critical decisions faster. Future accountants will need to do more than operate analytical tools. They must be able to assess data quality, identify unusual patterns, interrogate AI-generated outputs, understand the limitations of analytical models, and communicate the evidence behind their conclusions.
The next step may be to bring these areas even closer together. Future accounting education will need to prepare graduates not only to use AI and analyse sustainability data, but also to question the reliability of that data, understand the controls behind it, exercise professional judgement over AI-generated outputs, and provide assurance over an increasingly broad range of corporate information.
Whether using established tools such as Excel, Power BI, Tableau, or emerging AI applications, the ability to evaluate information critically and exercise sound professional judgement will remain central to accounting work, even as technologies continue tochange. AI-generated analysis can be incomplete, biased or based on unreliable data.
Accountants will therefore need to apply professional scepticism to AI outputs, understand how results were produced, maintain appropriate human oversight, and ensure that decisions remain traceable and accountable. In this respect, AI does not reduce the importance of professional judgement; it makes such judgement even more important.
Perhaps more crucially, embracing lifelong learning is a must. Sustainability standards, reporting frameworks, technology and regulatory requirements will continue to evolve and at times at a rapid pace. The proactive willingness to continuously acquire new knowledge and adapt to changing expectations will be the defining characteristic of a successful future professional.
Accountability: The bedrock of the profession
The contemporary accountant is no longer just steering the financial rudder; they are meant to be visionary leaders with the power to shape environmental and social outcomes. The future of accounting extends beyond the preparation of historical financial reports. As corporate reporting incorporates sustainability information, complex datasets and AI-assisted analysis, accountants will increasingly be called upon to assess the quality, reliability and usefulness of a wider range of information. Their role is therefore not simply to produce more information, but to help ensure that the information used for decision-making can be understood and trusted.
Yet, despite these technical and technological advancements, none can be meaningfully applied without an honest understanding of what it means to be accountable. This principle remains the bedrock of our profession, determining an accountant's true impact on society. While corporate history has offered its share of cautionary tales and examples of ethical lapses, the accountants of tomorrow have now a renewed and expanded opportunity to prove that accountants can be genuine catalysts for positive change.
To the aspiring accountants graduating this year: heartfelt congratulations on completing this major life milestone. As you step into the profession, remember that sustainability and AI are no longer future concepts on a corporate checklist. They are actively rewriting what accountants measure, analyse, question and assure. Used responsibly, these tools provide powerful new ways for the profession to account for good, all while preserving the core pillars of professional judgement, credibility and accountability. AI changes how accountants work; sustainability changes what accountants account for.
But it is your personal accountability that determines your real impact. The ultimate audit you will ever face will not be found within the balances of a corporate ledger, but in the final reckoning of the legacy you leave behind. Your career as an accountant is your opportunity to step up and play a defining role in building a more resilient, accountable, and sustainable Malaysia.
---
The authors are Senior Lecturers within the Faculty of Business and Economics at Universiti Malaya.
© New Straits Times Press (M) Bhd"
New Straits Times,Simpan SSPN turns savings into big dreams,https://www.nst.com.my/news/nation/2026/10/1547734/simpan-sspn-turns-savings-big-dreams,"Mon, 05 Oct 2026 07:30:37 +0800","BUKIT MERTAJAM: Beneath BMS 2026's colourful ""Under the Sea"" theme lies a simple message: start saving today so children can sail towards tomorrow.
For parents attending the Bulan Menabung Simpan SSPN (BMS) 2026 celebration at Mydin Bukit Mertajam here on Saturday, the message came to life through colourful costumes, children's performances, competitions, prizes and interactive activities.
But beneath the excitement was a more serious mission — encouraging Malaysians to prepare financially for their children's education from an early age.
Organised by the National Higher Education Fund Corporation (PTPTN), BMS 2026 is being held nationwide from Sept 25 to Nov 1, with celebrations taking place across 14 states at selected locations.
Held with World Savings Day on Oct 31, the campaign carries the theme ""Under the Sea"" and retains its tagline, ""Jom Jadi Superhero Anak Anda!"".
The concept likens a child's journey through life and education to an underwater adventure, where every new discovery comes with challenges and uncertainty.
For parents, Simpan SSPN offers one way to prepare for that journey by setting aside money before higher education expenses arise.
PTPTN chairman Datuk Seri Norliza Abdul Rahim said BMS 2026 was a means to strengthen awareness of the importance of education savings.
""BMS 2026 is not merely an annual celebration, but a platform to promote a culture of saving as an early preparation for children's education.""
She said Simpan SSPN enabled parents to plan their children's education in a more organised and prudent manner, while supporting PTPTN's efforts to encourage a shift from borrowing towards saving.
The message resonated with visitors at the Penang celebration, including Mohd Hasari Hasan, 46, a Tenaga Nasional Bhd employee and father of four, who won RM15,000 in the WOW! Simpan SSPN Plus 2026 Draw — Cabutan WOW! Simpan SSPN Plus 2026, Series 2 category. Hasari, who started saving through Simpan SSPN in 2021, said he viewed it as a practical way to prepare for his children's education.
[[nid:1547729]]
""Simpan SSPN is not merely a place to save money. It is a platform for parents to make an early commitment towards their children's savings.""
His decision to start early has become particularly meaningful as his eldest child, now 18, is studying banking at UiTM Raub, Pahang.
Hasari said the savings had helped with his child's education expenses, allowing him to prepare for university costs without relying entirely on a loan.
He now has Simpan SSPN accounts for all four children, aged between seven and 18.
His advice to other parents was straightforward: do not wait until your children are older.
""I urge parents not to wait until their children are older before opening an account. We can start saving small amounts for our children,"" he said.
Warehouse officer Chan Tat Beng, 48, said Simpan SSPN had been part of his financial planning for more than a decade.
The father of two children, aged 11 and 14, said he usually made a lump-sum contribution once a year, depending on his financial situation.
[[nid:1547728]]
""For me, it is an opportunity to keep some money safely for our children when they go to university. At least we already have some savings in hand,"" he said.
Chan was introduced to Simpan SSPN during a visit to Karnival Jom Heboh in Kuala Lumpur more than 10 years ago.
Teacher Norzipah Karim, 48, said she had also opened accounts for her two children years ago to prepare for their education, adding that one had since reached university age.
Customer service executive Siti Nor Aisyah Idrus, 40, from Juru, started saving for her five children in 2018 after learning about Simpan SSPN through a school group.
She makes regular monthly contributions under the Simpan SSPN Plus package and adds more whenever she receives additional income, such as bonuses.
""If I have extra money, I will put more into the children's savings,"" she said.
Mechanic Azhari Awang, 50, from Kulim, decided to open accounts after visiting the BMS event, saying it gave him the opportunity to act on a plan he had considered for some time.
IT manager Ininl Saminathan, 39, meanwhile, said he also planned to make monthly contributions towards his children's future education.
The parents welcomed the programme, saying it provided greater insight into saving for their children and should continue to be held.
As part of the campaign, PTPTN is promoting various benefits under Simpan SSPN, including income tax relief on savings of up to RM8,000 a year, free takaful protection for depositors, matching grants of up to RM10,000 for eligible families, competitive dividends, government-guaranteed savings and syariah compliance.
The BMS 2026 celebration also featured the presentation of certificates to nine primary schools participating in the Kelab Simpanan Pendidikan module in Penang, as well as prizes for Simpan SSPN campaign winners and the Simpan SSPN Got Talent competition.
PTPTN also presented the Anugerah Permata Inspirasi PTPTN to 11-year-old Nur Amira Safiah Mohamad Zafari, who won a gold medal for public speaking at the International World Innovative Student Exhibition in the United Kingdom.
[[nid:1547727]]
Norliza said the campaign's activities were designed to make financial education more accessible and engaging, particularly for younger Malaysians.
With its colourful ""Under the Sea"" theme, BMS 2026 seeks to turn the often-serious subject of financial planning into an experience families can enjoy together, while reminding parents that every ringgit saved today can help chart a smoother course towards their children's educational future.
© New Straits Times Press (M) Bhd"
New Straits Times,Pro-Imran Khan march starts in Pakistan's northwest,https://www.nst.com.my/world/world/2026/10/1547724/pro-imran-khan-march-starts-pakistans-northwest,"Mon, 05 Oct 2026 07:04:56 +0800","LAKKI MARWAT, Pakistan: A march protesting the imprisonment of former Pakistani prime minister Imran Khan kicked off Sunday in the country's northwest after talks to avoid the demonstration stalled.
Authorities have been preparing for weeks for the possible arrival of demonstrators in Islamabad, with the march planned by supporters of Khan's Pakistan Tehreek-e-Insaf (PTI) party originally slated for September 27 and then postponed until Sunday.
In Lakki Marwat in Khyber Pakhtunkhwa province, which is ruled by PTI, an AFP journalist saw thousands of people take to the streets.
Many of the demonstrators carried red and green flags of the opposition party, and a huge billboard affixed on the side of a truck read ""release Imran Khan"" and featured a picture of the beaming former prime minister with his hand held aloft.
Earlier, videos posted on PTI's official social media showed supporters coalescing in different areas in Khyber Pakhtunkhwa and setting off in convoys as part of the ""long march.""
Sohail Afridi, the chief minister for Khyber Pakhtunkhwa, said earlier on X that the demonstration in support of Khan would go ahead.
Discontent over Khan's incarceration has mounted in recent months, particularly over the 73-year-old's medical treatment and access to him by doctors and family.
PTI has also called for the release of Khan's three sisters, whose arrests last month further heightened tensions.
-'Popular support'-
Opposition politician Allama Raja Nasir Abbas said last-minute talks between the government and representatives from PTI were in ""deadlock.""
Abbas told Geo TV, a popular private news channel, that negotiators had hit an impasse over demands that included access to Khan by his doctor.
Khan, a hugely popular former cricket star, has been behind bars since August 2023 and faces scores of charges ranging from corruption to treason and inciting violence, following widespread anti-establishment riots in May of that year.
He and his legal team reject the allegations, branding them as politically motivated cases aimed at neutralising his popularity.
Tim Willasey-Wilsey, a geopolitics expert, said the protests were ""fundamentally driven by economic factors"", with the Iran war impacting fuel prices in Pakistan and food costs rising on the back of the war in Ukraine.
""Day-to-day life has become a real struggle for ordinary Pakistanis in recent years,"" said Willasey-Wilsey, who is with the UK-based Royal United Services Institute.
""Imran Khan is the focal point for all opposition to the government,"" he added.
James Dorsey, a fellow at the National University of Singapore, said Khan was ""essentially a populist leader"" with ""a genuine popular movement that had broad popular support.""
""That's why I think you've seen the determination by the government to prevent (the protesters) from entering Islamabad,"" Dorsey said.
Afridi, the chief minister, said the demonstration was to begin in Khyber Pakhtunkhwa province on Sunday and make its way to Khairabad, 80 kilometres (50 miles) west of Islamabad, by Thursday.
- 'Defending Islamabad' -
""The army and police are very capable of defending Islamabad and the government is not under any immediate threat,"" Willasey-Wilsey said.
""But the problems for Pakistan are piling up,"" he added.
Dorsey said that with Pakistan's security concerns, particularly following its unresolved February 2026 war with Afghanistan, Islamabad would look to avoid escalation in the face of the protests.
""It's a problem for the government, but I don't think it's an existential threat,"" he said.
Further phases of the plan would be announced in Khairabad, Afridi said, without specifying when demonstrators could arrive in the Pakistani capital.
Authorities have blocked main access routes to Islamabad with double-stacked shipping containers in preparation for the protest, obstructing traffic and public transit.
The Supreme Court ruled in August that Khan should be moved to a civilian hospital for treatment, but authorities instead returned him to prison after a short stay at a government-run hospital.
© New Straits Times Press (M) Bhd"
New Straits Times,"Amanah, DAP differ over PH cooperation with Bersatu in Melaka",https://www.nst.com.my/news/nation/2026/10/1547722/amanah-dap-differ-over-ph-cooperation-bersatu-melaka,"Mon, 05 Oct 2026 07:00:47 +0800","MELAKA:  Parti Amanah Negara is at odds with DAP over possible political cooperation between Pakatan Harapan and other political coalitions or parties for the Melaka election.
Amanah secretary-general Muhammad Faiz Fadzil said the party was more inclined to work with political partners it considered sincere rather than go it alone.
He said sincerity among coalition partners was important as it formed the basis for a stable government.
""Amanah's position is to seek sincere partners to govern Melaka. Sincerity will create stability in the government.
""Without sincerity, the government will not be stable, as seen in Negri Sembilan when the 'blue wave' turned into chaos,"" he said after attending the AgroMadani Sales Programme and an engagement session with fishermen at the Tanjung Nibong Fishermen's Complex in Telok Mas here yesterday.
Also present were Agriculture and Food Security Minister's political secretary Yuhaizad Abdullah and Malaysian Fisheries Development Authority state director Darleena Baharuddin.
Faiz was commenting on a statement by Melaka DAP chairman Khoo Poay Tiong, who was reported to have said that Melaka PH would contest the state election on its own and would not cooperate with Bersatu or parties outside the coalition.
Khoo, who is also Melaka PH deputy chairman, was quoted as saying that the coalition would contest all 28 seats in the
state election.
However, Melaka PH chairman Adly Zahari said on Oct 1 that room for negotiations with various parties remained open, including the possibility of forming a PH Plus cooperation.
Adly had said that the final decision would be made by the PH Presidential Council before nomination day.
Faiz said  although there were differing views among PH component parties, Amanah had its own position.
""There are views within PH against cooperating with parties outside the coalition.
""We take those views into consideration, but from Amanah's perspective, I believe it is better to unite with allies to form a stable government in Melaka.
""The identity of potential partners cannot be revealed yet, but the door for negotiations with various parties remains open,"" he said.
He added that the decision on which allies would work with Amanah in the Melaka election would be announced soon.
© New Straits Times Press (M) Bhd"
New Straits Times,J-KOM boosting communication efforts on social media,https://www.nst.com.my/news/nation/2026/10/1547716/j-kom-boosting-communication-efforts-social-media,"Mon, 05 Oct 2026 06:00:59 +0800","Your browser does not support the audio element.
SEBERANG PRAI: The Community Communications Department (J-KOM) is placing greater emphasis on social media, giving it 70 per cent of its communication efforts to ensure government messages and achievements reach the people.
Its director-general, Mohd Hisyamuddin Ghazali, said the shift was necessary as social media had become one of the main channels through which people obtain information.
The remaining 30 per cent would focus on outreach programmes and field activities, such as the Madani Kita Programme (PMK), which allows the government to engage directly with the public.
""Without a strong presence on social media, government messages will not reach the grassroots.
""PMK complements this by explaining government policies and achievements directly to the people, especially when negative messages circulating on social media can overshadow these achievements,"" he said after a PMK event here yesterday.
The event, launched by Penang Housing and Environment Committee chairman and Prai assemblyman Datuk Seri S. Sundarajoo, drew nearly 2,000 visitors.
On preparations for the Melaka election, Hisyamuddin said J-KOM would intensify efforts to provide fact-based information to help voters make informed choices.
""For the Melaka election, we will do our best to convey positive messages to the people.
""The information we provide is based on facts about the achievements of Malaysia Madani under the leadership of Prime Minister Datuk Seri Anwar Ibrahim, so that the people can make the best choice.""
Hisyamuddin said PMK served as a platform for J-KOM to engage with communities and obtain feedback on government policies and performance.
Participants are required to complete survey forms, allowing J-KOM to gauge public views and identify areas for improvement.
The PMK event yesterday brought together 37 departments and agencies, providing access to information on public services, assistance, facilities and initiatives.
© New Straits Times Press (M) Bhd"
New Straits Times,"Malaysia, Thailand boost flood aid coordination",https://www.nst.com.my/news/nation/2026/10/1547714/malaysia-thailand-boost-flood-aid-coordination,"Mon, 05 Oct 2026 06:00:49 +0800","Your browser does not support the audio element.
SONGKHLA: The Consulate-General of Malaysia in Songkhla and Thai authorities have agreed to establish a mechanism to improve the distribution of flood aid.
Malaysia's Consul-General in Songkhla Ahmad Fahmi Ahmad Sarkawi said this was part of preparations to deal with the possibility of major floods such as those that hit Hat Yai last November.
He said warehouses that could be used to store supplies from Malaysia had been identified.
""When supplies from Malaysia arrive, we will immediately send them to the warehouses.
""We have also agreed that Thai authorities will distribute the supplies to those in need,"" Fahmi said during a visit by a Perlis Journalists Association delegation to his office here recently.
He said if Thai authorities did not have enough manpower, non-governmental organisations from Malaysia could help.
""This is based on lessons learnt from last year's major floods, when relief supplies from Malaysia piled up in Hat Yai because it was unclear who would distribute or store them.""
Fahmi said the consulate was coordinating with agencies in Malaysia to ensure aid could be channelled more easily from Thailand should floods occur in Malaysia's northern states.
On last year's major floods in southern Thailand, he said about 7,000 Malaysians were rescued.
He advised Malaysians planning to travel to southern Thailand between this month and January to monitor weather developments.
He said the consulate had learnt from last year's major floods and would issue weather warnings from the Thai authorities more frequently through its website and social media platforms
© New Straits Times Press (M) Bhd"
New Straits Times,Middle East carriers fight back,https://www.nst.com.my/business/corporate/2026/10/1547713/middle-east-carriers-fight-back,"Mon, 05 Oct 2026 06:00:49 +0800","Your browser does not support the audio element.
KUALA LUMPUR: Malaysia and other Asia-Pacific aviation markets could face stronger competition for international passengers as Middle Eastern airlines seek to win back traffic lost to Asian carriers following disruptions earlier this year.
Association of Asia Pacific Airlines (AAPA) director-general Wong Hong told Business Times: ""You may get some shift, but Middle Eastern carriers are not going to give up without a fight.
""They will try to win customers back and take back the business they lost during the last four months.""
""Whether it comes back to the same level is the question.""
Since tensions began in the Middle East, several Asia-Pacific airlines have seen an increase in transit traffic as passengers opted for alternative routes through Asian hubs.
For example, Cathay Pacific said in March that Middle East disruptions had shifted passenger demand towards other aviation hubs, with more passengers transiting through Hong Kong.
The airline has added flights and increased capacity to Europe as travellers seek alternative routes.
On airfares, Hong said it was difficult to predict whether fares would rise or fall, as prices depend on market conditions and how aggressively airlines compete for passengers.
""Airfares are determined by supply and demand. If an airline puts out a particular airfare and the bookings do not come, what do you think it is going to do?
""Airlines need to be realistic. It comes down to what the market can bear and customers' willingness to pay.""
Hong said airlines are also monitoring fuel prices as the industry approaches the end of the year.
He said regional airlines are hoping for a return to normal operations, with fuel prices stabilising at more manageable levels.
""If demand continues to hold up despite the inflationary risks, then I think that going into 2027, we will return to business as usual.""
© New Straits Times Press (M) Bhd"
Malay Mail,"Man electrocuted in suspected cable theft at third-party electrical installation in Klang, says TNB",https://www.malaymail.com/news/malaysia/2026/10/05/man-electrocuted-in-suspected-cable-theft-at-third-party-electrical-installation-in-klang-says-tnb/237721,"Mon, 05 Oct 2026 10:03:57 +0800","SHAH ALAM, Oct 5 — An electrical accident that left a man dead at a 33kV link box along Jalan Abas in Kapar, Klang today occurred at an installation belonging to a third party and not Tenaga Nasional Bhd (TNB), the utility company said.
Sinar Harian
reported that TNB said it was alerted to the incident at about 10am and immediately dispatched a technical team to the scene.
“The incident is believed to be linked to vandalism.
“TNB will provide its full support and cooperation to the authorities in their investigations,” it said, confirming the incident which was also shared on the TNB Careline Facebook page today.
Earlier, police confirmed that a local man in his 40s was found dead after being electrocuted, allegedly while attempting to steal electrical cables.
Klang Utara district police chief ACP Ramsay Embol said the man’s body was discovered by members of the public, who alerted the authorities.
TNB also reminded the public not to tamper with, open or approach electrical installations, warning that such actions could result in serious injury or death."
Malay Mail,"Police chase Subaru from Bukit Antarabangsa to Batu Caves, two men arrested over suspected cloned car",https://www.malaymail.com/news/malaysia/2026/10/05/police-chase-subaru-from-bukit-antarabangsa-to-batu-caves-two-men-arrested-over-suspected-cloned-car/237720,"Mon, 05 Oct 2026 09:52:44 +0800","AMPANG, Oct 5 — Police arrested two local men in their 30s after a chase involving a Subaru that began in Bukit Antarabangsa and ended in Batu Caves, Gombak, early yesterday.
Ampang Jaya district police chief Assistant Commissioner Khairul Anuar Khalid said the operation began after the district police headquarters received information about the vehicle at about 4.36am.
He said several Mobile Patrol Vehicles (MPVs) were deployed to assist officers in pursuing the Subaru from Jalan Wangsa in Bukit Antarabangsa towards the Middle Ring Road 2 (MRR2) in Hulu Kelang.
The pursuit continued into the Batu Caves area, where police managed to stop the vehicle and arrest its two occupants, he said in a statement cited by Sinar Harian.
Khairul Anuar said preliminary checks found that the Subaru was suspected to be a cloned vehicle.
Both men also tested positive for drugs during urine screening, while police checks found that one of them was wanted in connection with a drug-related case, he said.
The case is being investigated under Section 186 of the Penal Code for obstructing a public servant in the discharge of his duties."
Malay Mail,Nine in 10 workers may feel unprepared for AI as PEOPLElogy launches National AI Readiness Week to get 5 million Malaysians ready by 2030,https://www.malaymail.com/news/malaysia/2026/10/05/nine-in-10-workers-may-feel-unprepared-for-ai-as-peoplelogy-launches-national-ai-readiness-week-to-get-5-million-malaysians-ready-by-2030/237717,"Mon, 05 Oct 2026 09:48:45 +0800","KUALA LUMPUR, Oct 5 — Malaysia’s artificial intelligence (AI) ambitions are running up against a hard reality: the country is short of more than 500,000 AI-skilled workers, a gap large enough to threaten the RM50 billion in economic potential its AI economy is projected to unlock by 2030.
The shortfall goes beyond numbers. Various workplace studies show that, depending on the sector, as many as nine in 10 Malaysian employees feel inadequately trained to work alongside AI — leaving a significant share of that projected economic output at risk of never being realised.
In a media release, assessments by agencies such as TalentCorp have also warned that hundreds of thousands of existing roles — often cited at around 700,000 — are highly vulnerable to displacement or significant task shifts driven by AI, automation and digitalisation unless aggressive reskilling takes place.
The gap underscores a critical mismatch between traditional education pipelines and the specialised digital skills that modern industries demand.
PEOPLElogy Bhd, which describes itself as Southeast Asia’s first publicly listed digital workforce transformation company, is stepping in to help close that gap.
The company has launched National AI Readiness Week 2026 (NAIRW 2026), a five-day national platform to be held from November 12 to 18 across two venues in the Klang Valley.
NAIRW 2026 is the flagship national platform of the “I’m AI Ready” movement, a 36-month national drive launched on June 19 this year to get 5 million Malaysians to declare their AI readiness by 2030. The week is intended to bring the movement to life through large-scale public engagement, in line with the country’s broader digital economy agenda.
“We are launching National AI Readiness Week right now because the AI industry stands at a critical crossroads: while the immense economic potential of artificial intelligence is scaling rapidly, our workforce faces a widening gap between passive awareness and actual capability,” said PEOPLElogy founder and managing director Allen Lee in the media statement.
“Success for us is clear — we are driving toward 5 million public AI readiness declarations by 2030, ensuring that through verified assessments, active mastery scholarships, and unified commitments from boardrooms and businesses, the digital economy grows with no one left behind.”
Allen Lee, Founder and Managing Director of PEOPLElogy Berhad, says National AI Readiness Week 2026 aims to move Malaysians from AI awareness to real job-ready skills. — Picture courtesy of PEOPLElogy Berhad
Momentum building
The company said the movement is already gaining traction, with more than 9,100 Malaysians having declared their AI readiness as of end-September, against a target of 50,000 by the end of 2026.
More than 800 delegates have registered to attend NAIRW 2026, while the Asia AI Excellence Awards have drawn more than 200 nominations.
Three audiences, one movement
Rather than running as a single-track conference, NAIRW 2026 is deliberately structured around three distinct audiences, with the aim of moving the whole economy forward together rather than in isolated pockets.
The I’m AI READY Summit, from November 12 to 14, is aimed at SMEs, entrepreneurs, students and the wider workforce, offering practical scaling support, baseline AI-readiness assessments and personalised upskilling roadmaps.
The Build a Future Team (BAFT) Leaders Conference, on November 17 and 18, shifts the focus to corporate, human resources and government leaders, tackling organisational readiness and future-team strategy.
“The week is intentionally designed to connect the boardroom with the Rakyat simultaneously, ensuring that leadership frameworks, small business execution and individual workforce upskilling align so no one is left behind,” the organisers said.
The week will close with the Asia AI Excellence Awards, a regional gala recognising organisations that are driving measurable AI impact. Digital Minister Gobind Singh Deo is scheduled to present the awards.
Excitement fills the room as hundreds of Malaysians gather for the launch of the I'm AI READY movement, many keen to find out how artificial intelligence will shape their jobs and careers. — Picture courtesy of PEOPLElogy Berhad
RM3m in AI Mastery Scholarships
Backing the movement with direct investment, PEOPLElogy is offering RM3 million in
AI Mastery Scholarships
to support Malaysians in upskilling in AI.
To draw more Malaysians into the movement, the company has also opened a nationwide
contest
offering an iPhone 18 Pro Max (512GB) as the daily prize on each day of the I’m AI READY Summit, from November 12 to 14.
Entrants must take the “Find Out Your AI Personality” quiz — the same assessment used for an official AI-readiness declaration — before registering to attend NAIRW 2026.
The movement is run in collaboration with MyDIGITAL Corporation, in line with the government’s broader digital economy agenda and efforts to strengthen the country’s pipeline of AI-ready talent.
NAIRW 2026 is the movement’s first edition, with a second edition targeted for the second quarter of 2027 as part of PEOPLElogy’s 36-month commitment to reach its goal of 5 million Malaysians.
More information and registration details are available at
imaiready.asia."
Malay Mail,"BN talks with potential Melaka election partners 95pc complete, says Zahid",https://www.malaymail.com/news/malaysia/2026/10/05/bn-talks-with-potential-melaka-election-partners-95pc-complete-says-zahid/237716,"Mon, 05 Oct 2026 09:19:32 +0800","SHAH ALAM, Oct 5 — Barisan Nasional (BN) has reached about 95 per cent completion in negotiations with potential partners for the Melaka election, with the coalition expected to reveal the outcome after the election date is announced on Oct 7, its chairman Datuk Seri Ahmad Zahid Hamidi said.
According to
Free Malaysia Today
(FMT) Zahid, who is also Umno president, said discussions with the parties involved were nearing completion.
“We will wait for the election date announcement on Oct 7. After that, we will announce which coalition we will work with or reach an understanding with for the Melaka election,” he told reporters after an event at Universiti Teknologi Mara here yesterday.
The parties involved appeared to refer to PAS and Pakatan Harapan (PH), according to FMT.
On Friday, PAS deputy president Tuan Ibrahim Tuan Man said seat negotiations with Umno were about 90 per cent complete.
Zahid said BN had yet to decide whether PAS would contest the election using the BN logo.
However, he said BN was open to PAS contesting under its own symbol.
Asked if BN was willing to negotiate with PH, Zahid said the coalition was open to discussions."
Malay Mail,"Father of slain Yong Peng schoolgirl hopes justice will be served, urges public not to speculate",https://www.malaymail.com/news/malaysia/2026/10/05/father-of-slain-yong-peng-schoolgirl-hopes-justice-will-be-served-urges-public-not-to-speculate/237714,"Mon, 05 Oct 2026 09:01:02 +0800","BATU PAHAT, Oct 5 — The father of a Form Four student who was found dead at a school in Yong Peng here hopes justice will be served for his daughter.
Mohd Khairool Faisal Khyar, 42, said the family was leaving the investigation entirely to police and the relevant authorities to ensure justice for his daughter, Irene Sofiya, 16.
“We are grateful to everyone who came and we hope justice can be served for my late daughter,” he was quoted as saying by
Sinar Harian.
He was speaking after her burial at the Kampung Arshad Muslim Cemetery in Yong Peng here yesterday.
Mohd Khairool Faisal said he only learned about the incident at about 6pm on Saturday after his eldest sister, Siti Nur Faeza Khyar, 45, contacted him and told him that Irene Sofiya, fondly known as Fiya, had been found in critical condition before being pronounced dead.
“At the time, I was working in Bangi before rushing back to the village to get more information,” he said, according to the Malay daily
He said the last time he saw Fiya was about two weeks ago and she had shown no changes in behaviour.
“In fact, Fiya looked cheerful and was happy to be studying,” he said.
Mohd Khairool Faisal also urged the public not to spread inaccurate speculation about the incident involving his daughter,
Sinar Harian
reported."
Malay Mail,"Don’t skimp on third-party insurance, and think twice about Waze, Consul General tells Malaysians driving to Thailand",https://www.malaymail.com/news/malaysia/2026/10/05/dont-skimp-on-third-party-insurance-and-think-twice-about-waze-consul-general-tells-malaysians-driving-to-thailand/237712,"Mon, 05 Oct 2026 09:26:08 +0800","SONGKHLA, Oct 5 — Malaysians driving their own vehicles into Thailand are advised to obtain insurance coverage that includes third-party claims in the event of a road accident in the country.
Consul General of Malaysia in Songkhla Ahmad Fahmi Ahmad Sarkawi said such insurance is crucial if a Malaysian driver is found to have caused an accident resulting in injury or death, potentially requiring substantial compensation.
“Usually, apart from the penalty imposed on the offender, there is also an element where Malaysians need to pay compensation to the injured (victim) or the deceased’s family as a result of the accident.
“The compensation or damages involved are not small amounts. Therefore, adequate insurance can also cover the compensation costs,” he said during a courtesy call by a delegation from the Perlis Journalists Association at the Consulate General of Malaysia in Songkhla here last Friday (Oct 2).
Ahmad Fahmi said his office had encountered cases of Malaysian drivers involved in accidents in Thailand who did not have sufficient funds to pay compensation to victims, as they only had insurance coverage for hospital medical costs.
He also advised Malaysians visiting the country to obtain insurance coverage for vehicle damage caused by natural disasters.
Meanwhile, Ahmad Fahmi said Malaysians were not encouraged to travel at night, especially in high-risk areas such as Pattani, Yala and Narathiwat, following security incidents in the three southern Thai provinces.
He also recommended that they use only Apple Maps or Google Maps when travelling to destinations in southern Thailand, as these were safer options than Waze, which might direct road users through shortcuts into villages and hilly areas. — Bernama"
Malay Mail,"Irene Sofiya, 16, laid to rest in Batu Pahat cemetery after school hall death in Yong Peng",https://www.malaymail.com/news/malaysia/2026/10/05/irene-sofiya-16-laid-to-rest-in-batu-pahat-cemetery-after-school-hall-death-in-yong-peng/237711,"Mon, 05 Oct 2026 08:45:31 +0800","BATU PAHAT, Oct 5 — Sixteen-year-old Irene Sofiya Mohd Khairool Faisal, who was killed in an incident at a school in Yong Peng, was laid to rest at the Kampung Parit Arshad Muslim Cemetery here at about 7.50pm yesterday.
Earlier, her remains were brought to her grandmother’s home in Kampung Parit Selamat, Yong Peng, at about 6.30pm following a post-mortem at Sultanah Nora Ismail Hospital here.
More than 100 family members, relatives, school friends, teachers and locals were at the cemetery to pay their final respects.
The teenager was found unconscious and covered in blood in a school hall in Yong Peng at about 5.50pm yesterday.
Johor police chief Datuk Ab Rahaman Arsad said the victim suffered multiple injuries to the head and body and was pronounced dead at the scene.
A 16-year-old boy was detained in the Yong Peng area at about 7pm the same day and remanded for six days until Oct 9 to assist investigations.
Police are investigating the case under Section 302 of the Penal Code, while the motive and circumstances remain under investigation. — Bernama"
Malay Mail,"Four dead, child seriously injured after Axia crashes into lorry on Gerik-Jeli highway",https://www.malaymail.com/news/malaysia/2026/10/05/four-dead-child-seriously-injured-after-axia-crashes-into-lorry-on-gerik-jeli-highway/237710,"Mon, 05 Oct 2026 09:18:34 +0800","IPOH, Oct 5 — The fatal crash in Gerik, which claimed the lives of four people, including a child, was believed to have occurred after the Perodua Axia they were travelling in lost control before crashing into a lorry at KM 38.5 of the East-West Highway (JRTB) Gerik-Jeli, near Tasik Banding.
Perak police chief Datuk Mohd Alwi Zainal Abidin said police received information about the accident involving three vehicles – a Hino lorry, a Proton Persona and a Perodua Axia – at about 1.30pm yesterday.
He said preliminary investigations found that the Perodua Axia, driven by a 19-year-old man with four passengers – a 31-year-old man, a 40-year-old woman and two children – was travelling from Gerik towards Jeli.
At the same time, the Proton Persona, driven by a 20-year-old man with three passengers, was travelling in the opposite direction from Jeli, Kelantan towards Gerik, while a lorry driven by a 42-year-old man with a 34-year-old male attendant was also travelling in the same direction.
“Based on preliminary investigations, the Perodua Axia is believed to have lost control before entering the opposite lane and hitting the rear side of the Proton Persona before crashing into the front of the lorry behind the Proton Persona.
“The impact caused the Perodua Axia to become wedged underneath the lorry and be dragged for about three to seven metres,” he said in a statement last night.
Mohd Alwi said four victims in the Perodua Axia, comprising two men, a woman and a child, were pronounced dead, while another child was seriously injured and taken to Gerik Hospital for treatment.
He said the driver and passengers of the Proton Persona, as well as the lorry driver and attendant, were not injured.
“An inspection of the scene has been conducted, and photographs were taken to assist investigations. All three vehicles involved will be sent for technical inspection.
“Efforts to identify independent witnesses and obtain closed-circuit television (CCTV) and dashcam footage, if available, are also underway,” he said, adding that the case is being investigated under Section 41(1) of the Road Transport Act 1987.
Members of the public with information about the accident are urged to come forward to assist investigations. — Bernama"
Malay Mail,DKU rejects claim Tuanku Muhriz has ceased to be Negeri Sembilan ruler,https://www.malaymail.com/news/malaysia/2026/10/05/dku-rejects-claim-tuanku-muhriz-has-ceased-to-be-negeri-sembilan-ruler/237709,"Mon, 05 Oct 2026 08:41:07 +0800","SEREMBAN, Oct 5 — The Negeri Sembilan Dewan Keadilan dan Undang (DKU) has once again reaffirmed that Tuanku Muhriz Tuanku Munawir remains the Yang Dipertuan Besar of Negeri Sembilan.
DKU secretary Raja Norazli Raja Nordin said Tuanku Muhriz was elected by the Undangs and proclaimed as the 11th Yang Dipertuan Besar on Dec 29, 2008, before being officially installed in accordance with the Laws of the Constitution of Negeri Sembilan 1959 (UUTKNS) on Oct 26, 2009.
He said Tuanku Muhriz continued to hold the position, as well as serving as chairman of the DKU under Article 19.
“The UUTKNS 1959 provides that the only lawful way for the position to become vacant is if it is established that the Undangs have called upon His Royal Highness to abdicate or step down. Article 10 requires a proper and full enquiry by the Undangs; a determination that the grounds specified under Article 10 exist.
“The exercise of that power by persons lawfully holding the office of Undang in the number required under Article 29; and a proclamation under Article 10(2),” he said in a statement yesterday.
Raja Norazli said none of these requirements had been fulfilled.
He said Tuanku Muhriz had continued to discharge the functions of the Yang Dipertuan Besar since April 19, while the council continued to sit with His Royal Highness as its chairman.
As such, he said there was no vacancy in the office of Yang Dipertuan Besar.
“Article 11 only applies when the position is vacant, and could not be invoked to elect a successor as long as the office is lawfully occupied.
“The tenure of Tuanku Muhriz in the position can only be terminated in the manner provided for under the UUTKNS 1959. The council does not recognise any other person as holding the position,” he said.
Raja Norazli Raja Nordin, secretary of the Negeri Sembilan Dewan Keadilan dan Undang (DKU), reads his special statement at his office in Seremban, October 4, 2026. — Bernama pic
Meanwhile, Raja Norazli said Tuanku Muhriz did not intervene in Luak Sungei Ujong affairs during the April 17 sitting.
He said the records showed that the matter brought before the DKU was a complaint lodged by representatives of the Telaga Undang of Luak Sungei Ujong, namely Ibu Soko and Waris Klana Hulu.
“They dismissed Mubarak Thahak @ Dohak as Undang in accordance with the customs of the Luak, with the dismissal letter handed to him on May 13, 2025.
“He said Tuanku Muhriz had made it clear that, under Article 14(1) and (3), the customary authority to choose, appoint and dismiss an Undang rests with the Luak itself, and that no member of the Dewan, ‘including His Royal Highness himself’, has the power to support or oppose such a decision,” he said.
He said the DKU therefore recognised the dismissal as a decision by the Luak under its own customs under Article 14(3).
“The members were consulted before the conclusion was reached, and the minutes showed that no further objections were raised after Tuanku Muhriz, as Speaker of the Dewan, announced the Dewan’s decision to accept the dismissal,” he said.
He said neither the DKU nor Tuanku Muhriz had dismissed any Undang.
Raja Norazli explained that the Dewan accepted the Luak’s decision to dismiss the Undang of Luak Sungei Ujong.
“Therefore, the April 17 sitting was not an intervention in the affairs of the Luak. Rather, it was the Dewan carrying out its function under Article 16 to receive and advise on a decision already made by the Luak in accordance with its customs,” he said.
Raja Norazli also said the Luak had dismissed Mubarak Thahak @ Dohak as Undang of Luak Sungei Ujong under its customs, effective May 13, 2025 (advice dated April 17, 2026).
Maarof Mat Rashad, meanwhile, was dismissed as Undang of Luak Jelebu under the Luak’s customs, effective May 31, 2023 (advice dated July 31, 2026).
“Abdul Rahim Yasin was never formally appointed as Undang of Luak Rembau in accordance with the prescribed customs because his appointment was never completed through the Istiadat Menzahirkan Kejadian Undang ceremony (advice dated July 31),” he said.
Raja Norazli said Badarudin Abdul Khalid had ceased to hold the position of Dato’ Shahbandar Sungei Ujong following a Luruh Pusaka declaration by anak waris and Ibu Soko Waris di Ayer on July 30, 2026, which was affirmed on July 31, 2026.
“Therefore, the current Undang are Datuk Klana Petra Muhammad Faris Johari for Luak Sungei Ujong and Datuk Sedia Raja Hassan Ab Hamid for Luak Rembau.
“Datuk Johan Pahlawan Lela Perkasa Setiawan Datuk Muhammed Abdullah is the Undang of Luak Johol, while the positions of Undang of Luak Jelebu and Dato’ Shahbandar Sungei Ujong are currently vacant,” he said.
He said the DKU had therefore maintained its decision of July 31, 2026 that the document dated April 19, 2026 did not comply with Article 10, was unconstitutional and had no effect, and that no valid process had resulted in Tuanku Muhriz ceasing to hold the position of Yang Dipertuan Besar.
Raja Norazli also said the DKU continued to recognise Tuanku Muhriz as Yang Dipertuan Besar of Negeri Sembilan and Speaker of the Dewan under Article 19, did not recognise any vacancy in either position, and did not recognise anyone else as holding them.
He said the DKU also called on all state and federal civil servants to continue administering the state in accordance with the law and the lawful chain of command, and required anyone claiming that a “sufficient and full investigation” had been conducted to present the complete record of the process before a forum with jurisdiction.
“All parties are also urged to respect court proceedings, maintain public order, and not invoke custom as a reason to disregard the UUTKNS 1959,” he said. — Bernama
*Editor’s note: The initials UUTKNS stands for Undang-Undang Tubuh Kerajaan Negeri Sembilan, the Malay term for the Laws of the Constitution of Negeri Sembilan."
Malay Mail,"Sultan Ibrahim’s close Bahrain ties helped bring F1 back to Sepang, says Anwar",https://www.malaymail.com/news/malaysia/2026/10/05/sultan-ibrahims-close-bahrain-ties-helped-bring-f1-back-to-sepang-says-anwar/237707,"Mon, 05 Oct 2026 09:06:38 +0800","KUALA LUMPUR, Oct 5 — The close ties between His Majesty Sultan Ibrahim, King of Malaysia, and Bahrain’s King Hamad bin Isa Al Khalifa paved the way for Malaysia to host the Formula 1 (F1) Gulf Air Bahrain Grand Prix (GP), said Prime Minister Datuk Seri Anwar Ibrahim.
He said Malaysia’s selection as host reflected the international community’s confidence in the country and further strengthened its standing as a respected and trusted partner on the global stage.
“I pay tribute to His Majesty the King for the leadership and wisdom, and for His Majesty’s close relationship with Bahrain’s King Hamad bin Isa Al Khalifa, which paved the way for Malaysia to be selected as host of the 2026 Gulf Air Bahrain Grand Prix,” he said in a post on X yesterday.
Anwar said he also hoped the cooperation would further reinforce ties between Malaysia and Bahrain and create opportunities for broader cooperation that would benefit the people of both countries.
The Prime Minister said he joined His Majesty and Bahrain Crown Prince and Prime Minister Prince Salman bin Hamad Al Khalifa to watch the race at the Sepang International Circuit (SIC).
“I also had the opportunity to meet and speak with royal guests who attended today’s race, including the Sultan of Brunei, Sultan Hassanal Bolkiah Mu’izzaddin Waddaulah ibni Al-Marhum Sultan Haji Omar ‘Ali Saifuddien Sa’adul Khairi Waddien, as well as other distinguished guests,” he said.
The F1 Gulf Air Bahrain GP 2026, held from October 2 to 4, marked F1’s return to Sepang after a nine-year absence, with the circuit last hosting a race in 2017. — Bernama"
Malay Mail,"Anwar praises drivers, teams for ‘incredible action’ at Sepang F1 race",https://www.malaymail.com/news/malaysia/2026/10/05/anwar-praises-drivers-teams-for-incredible-action-at-sepang-f1-race/237706,"Mon, 05 Oct 2026 08:56:54 +0800","KUALA LUMPUR, Oct 5 — Prime Minister Datuk Seri Anwar Ibrahim described the Formula 1 Gulf Air Bahrain Grand Prix at the Sepang International Circuit as a deeply meaningful memory for sports fans from around the world.
In a Facebook post yesterday, Anwar said the magnificent action delivered by all the drivers and teams also made the race full of excitement and intense competition.
“Thank you to all the drivers and teams for the incredible action presented to fans from around the world, making the race in Sepang this time a truly meaningful memory,” he said in the post.
Anwar, along with the Crown Prince and Prime Minister of Bahrain, Prince Salman bin Hamad Al Khalifa, also presented trophies to the drivers and teams that triumphed in the race.
He also congratulated Max Verstappen, Kimi Antonelli and Lewis Hamilton, as well as the Red Bull Racing team, on their achievements.
Last July, F1 confirmed Malaysia as the host of the 2026 Gulf Air Bahrain GP from October 2 to 4 following an agreement between Formula 1, the Fédération Internationale de l’Automobile (FIA), and the governments of Malaysia and Bahrain.
Although the circuit was drenched by rain, the excitement in the grandstands did not wane in the slightest, reflecting how deeply fans missed F1 after nine years of the sport’s absence from Malaysia. — Bernama"
Malay Mail,"Suhakam doesn’t need prosecutorial powers — but govt must answer its findings, says chairman",https://www.malaymail.com/news/malaysia/2026/10/05/suhakam-doesnt-need-prosecutorial-powers-but-govt-must-answer-its-findings-says-chairman/237687,"Mon, 05 Oct 2026 07:00:00 +0800","KUALA LUMPUR, Oct 5 — The Human Rights Commission of Malaysia (Suhakam) does not need prosecutorial powers to be effective, but authorities should be required to respond to its findings and recommendations, its chairman Datuk Seri Mohd Hishamudin Md Yunus said.
While the 77-year-old former judge acknowledged criticism of Suhakam’s limitations, he stressed that the national human rights body was far from being a “toothless” organisation.
Instead, he urged critics to recognise that Suhakam has a distinct role from the courts, enforcement agencies and other statutory bodies.
“Suhakam’s present mandate is primarily investigative, advisory, educational and recommendatory.
“We are not a court, and we do not have prosecutorial powers,” Mohd Hishamudin told
Malay Mail
in an exclusive interview recently.
“Suhakam already has important investigative powers under Act 597 (the Suhakam Act). We can initiate inquiries, summon witnesses, obtain evidence and make recommendations.
“The 2024 amendments also strengthened our mandate to visit places of detention, institutions and other relevant places,” he added, referring to the latest amendments to the Suhakam Act, which took effect in July 2024.
Mohd Hishamudin said the broader powers enabled the commission to conduct a thorough and independent public inquiry into the Taiping prison riot that occurred in January 2025.
The riot, involving about 100 inmates, resulted in the death of a High Court detainee.
Suhakam’s inquiry later found that a large number of prison officers had used excessive physical violence against the detainees and abused weapons and security equipment, including batons and pepper spray.
It also flagged serious overcrowding at Taiping Prison and recommended that the 146-year-old building be turned into a museum as it was no longer fit to serve as a prison.
A prison officer had already been charged under Section 304(b) of the Penal Code in December 2025, while another five Taiping Prison wardens were charged in July 2026 over injuries allegedly inflicted on inmates.
The real gap comes after investigations
At present, Suhakam can publish findings from a public inquiry and make recommendations to the relevant authorities.
While the amended law requires relevant authorities to inform Suhakam of any action taken after a human rights infringement is referred to them, it does not oblige them to accept or implement the commission’s recommendations.
The facade of Taiping Prison is seen in this undated photograph. — Picture via Penjara Taiping
Mohd Hishamudin said a stronger “respond and explain” mechanism was needed from the government to close that gap and strengthen reforms.
“Suhakam is not proposing that every recommendation automatically becomes legally binding,” he said.
Instead, he said authorities should be required to provide a written response within a reasonable period stating whether they accept, partially accept or reject a recommendation made by Suhakam.
For accepted recommendations, authorities should also provide a progress report setting out follow-up measures and a timeline for implementation, while rejected recommendations should be accompanied by reasons, he added.
Mohd Hishamudin said Malaysia could consider emulating Australia, where Section 46 of the Australian Human Rights Commission Act 1986 requires specified commission reports to be tabled in each House of Parliament within 15 sitting days of being received by the minister.
Still an ‘A-status’ rights body
Suhakam was also re-accredited as an “A-status” national human rights institution last June — recognition that Mohd Hishamudin said reflected its standing as an independent, credible and effective institution internationally.
Suhakam undergoes re-accreditation every five years by the Global Alliance of National Human Rights Institutions (GANHRI) Sub-Committee on Accreditation (SCA).
The “A-status” allows Suhakam to participate fully in international and regional human rights mechanisms, including the United Nations Human Rights Council and treaty body processes.
Nevertheless, Mohd Hishamudin stressed that credibility begins at home.
“Malaysians must have confidence that when they approach Suhakam, raise concerns or lodge complaints, they are engaging with an institution that is independent, impartial and able to carry out its mandate without undue interference,” he said.
Established through an Act of Parliament on September 9, 1999, Suhakam marked its 27th anniversary this year.
“After 27 years, the question is no longer simply whether Suhakam can investigate and make recommendations.
“The next stage of institutional reform should ensure that those recommendations receive a timely, reasoned and transparent response from the authorities concerned,” Mohd Hishamudin said."
Malay Mail,"Sabah gives more than 500 adults second chance to learn reading, writing, counting",https://www.malaymail.com/news/malaysia/2026/10/04/sabah-gives-more-than-500-adults-second-chance-to-learn-reading-writing-counting/237637,"Sun, 04 Oct 2026 21:00:00 +0800","KOTA KINABALU, Oct 4 — More than 500 adults in Sabah who missed out on formal education are being given a second chance to master basic reading, writing and counting (3M) skills through the Functional Literacy Education Programme (PLF) organised by the Community Development Department (KEMAS).
Sabah KEMAS director Ahmad Fakhrul Azman Muhammad Radzi said the participants are attending 25 classes this year in urban fringe, rural and remote areas across Kudat, Kota Marudu, Kota Belud, Keningau, Tenom, Nabawan, Beluran, Sandakan, Kinabatangan, Lahad Datu, Semporna, Tawau and Kalabakan.
The programme primarily targets individuals aged between 15 and 65 who have yet to master basic 3M skills, while those outside the age range can also participate based on their needs.
“PLF is among the efforts to eradicate illiteracy, particularly among those who dropped out of formal education at an early stage and are still unable to read, write and count,” he told Bernama.
Participants are identified with the help of community leaders, including village heads, as well as KEMAS teachers on the ground, who provide information on individuals still in need of literacy education.
Before joining the classes, participants sit for a pre-test to assess their initial reading, writing and counting skills. A post-test is conducted upon completion to measure their progress, with more than 70 per cent recorded as achieving an excellent level.
Those who have yet to fully master the three skills can repeat the lessons to ensure they reach the required level.
Ahmad Fakhrul said regular PLF classes run for a year and are conducted by KEMAS-appointed PLF community development officers who serve as trained educators in the targeted areas.
Classes conducted by additional instructors in areas with greater needs run for six months, with three sessions a week.
As part of efforts to recognise participants and encourage them to continue learning, graduation ceremonies are held according to class and district.
A total of 375 participants from 25 classes took part in this year’s ceremonies, which were conducted by groups and according to their respective districts.
“Participants who complete the programme receive certificates as recognition and encouragement to continue learning. We do not know whether they may eventually become interested in pursuing further education,” he said.
Beyond literacy, KEMAS instructors also expose participants to livelihood and entrepreneurship skills through the production of items such as handicrafts, fish crackers and rempeyek, based on local needs.
“We want participants to apply their basic 3M skills in small-scale entrepreneurship so that they can indirectly generate income,” said Ahmad Fakhrul.
As technology advances, PLF participants are also introduced to digital skills to help them keep pace with current developments and reduce the digital divide.
They are guided in using smartphones for everyday tasks, including making clinic appointments through the MySejahtera application and paying bills, as well as promoting their products online
“Efforts to eradicate illiteracy must continue and receive support from all parties so that no one, particularly in Sabah, is left behind in education.
“We do not want them to be easily deceived in their daily affairs because of literacy limitations. Instead, they should be supported until they can become independent and live their lives with greater confidence,” he said. — Bernama"
Malay Mail,Anwar: F1 excitement at Sepang also brings opportunities for local traders,https://www.malaymail.com/news/malaysia/2026/10/04/anwar-f1-excitement-at-sepang-also-brings-opportunities-for-local-traders/237696,"Sun, 04 Oct 2026 20:16:34 +0800","KUALA LUMPUR, Oct 4 — The return of Formula 1 (F1) to the Sepang International Circuit (SIC) after a nine-year absence has not only delighted motorsport fans but also provided an opportunity for about 40 local traders to earn an income through the Karnival Litar Rasa Madani.
Prime Minister Datuk Seri Anwar Ibrahim said the carnival, held at the G Hillstand at SIC in conjunction with the 2026 F1 Gulf Air Bahrain Grand Prix (GP), brought together local traders offering a variety of food and beverages, including snacks and light refreshments.
He said that the lively atmosphere at the circuit also gave visitors an opportunity to enjoy local fare while watching the race and, at the same time, supporting local traders.
“I took the opportunity to visit the G Hillstand at the Sepang International Circuit, which accommodates most of the Madani ticket holders, while meeting F1 fans.
“The atmosphere here is lively, with an interesting view of the circuit as well as the Karnival Litar Rasa Madani While enjoying the race at the circuit, visitors can also enjoy a meal and support our traders!” Anwar said in a Facebook post today.
The Prime Minister added that the organisation of the Karnival Litar Rasa Madani was one of the efforts to ensure that the excitement surrounding F1 also generated economic benefits for local traders.
“My appreciation to the Ministry of Entrepreneur Development and Cooperatives (KUSKOP), the Ministry of Youth and Sports (KBS) and all agencies involved in making this carnival a success, thereby ensuring that the excitement surrounding F1 also brings greater opportunities for local traders,” he said.
In July, F1 confirmed Malaysia as the host of the Gulf Air Bahrain GP, from Oct 2 to 4, following an agreement between Formula 1, the Fédération Internationale de l’Automobile (FIA), and the governments of Malaysia and Bahrain.
The return of F1 to Malaysia followed discussions and cooperation involving His Majesty Sultan Ibrahim, King of Malaysia, and King of Bahrain, King Hamad bin Isa Al-Khalifa; as well as the two governments, to retain the Bahrain GP on the 2026 F1 calendar, after the race was cancelled earlier this season due to geopolitical tensions in West Asia.
Malaysia previously hosted the Malaysian GP at SIC from 1999 to 2017, before being dropped from the F1 calendar. — Bernama"
Malay Mail,"Zahid urges UiTM to establish Quantum Department, says Malaysia must not lag",https://www.malaymail.com/news/malaysia/2026/10/04/zahid-urges-uitm-to-establish-quantum-department-says-malaysia-must-not-lag/237692,"Sun, 04 Oct 2026 19:22:20 +0800","SHAH ALAM, Oct 4 — Deputy Prime Minister Datuk Seri Ahmad Zahid Hamidi has called on Universiti Teknologi MARA (UiTM) to establish a Quantum Department to ensure the country does not lag behind current advancements.
He said the department is targeted to be established next year to ensure local expertise can be developed at an early stage.
“AI is indeed good and is being implemented very well, but quantum is a new technology based on the latest technological developments, and Malaysia should not lag behind in this area.
“I am very confident that its potential is immense in attracting many students to pursue studies in this field and eventually, in less than a decade, producing quantum experts in our country,” he said.
Ahmad Zahid, who is also the Rural and Regional Development Minister, said this after officiating the ‘Wacana Semarak Patriotisme: Seminar Ilmuwan Islam’ at the university’s Dewan Agung Tuanku Canselor here today.
Quantum technology is an advanced field of science and engineering that harnesses properties of quantum mechanics, such as superposition and entanglement of subatomic particles, to process information at extraordinary speeds.
Ahmad Zahid said his ministry would also contribute RM500,000 to UiTM to support the development of programmes such as the TVET UiTM Dihatiku training and certification programme and UTAMA PLUS UiTM AI Certified, including the development of the Quantum Department. — Bernama"
Malay Mail,Malaysia eyes F1 calendar return as PM Anwar confirms talks under way,https://www.malaymail.com/news/malaysia/2026/10/04/malaysia-eyes-f1-calendar-return-as-pm-anwar-confirms-talks-under-way/237688,"Sun, 04 Oct 2026 18:53:38 +0800","KUALA LUMPUR, Oct 4 — Malaysia is discussing a possible return to the Formula One calendar beyond this weekend’s race at Sepang, Prime Minister Datuk Seri Anwar Ibrahim said today, raising hopes of a longer-term revival of the Malaysian Grand Prix.
Anwar confirmed the talks during a brief exchange with Sky Sports commentator Martin Brundle on the grid at the Sepang International Circuit ahead of today’s Gulf Air Bahrain Grand Prix in Malaysia.
Asked by Brundle about the prospect of Malaysia returning to the F1 calendar in future, Anwar replied: “Well, I’m looking forward to it. We are discussing.”
The remark is the clearest indication yet that Putrajaya is considering extending Malaysia’s renewed association with Formula One beyond this weekend, which marked the sport’s first race at Sepang in nine years.
Drenched after heavy rain swept across the circuit and delayed the start, Anwar nevertheless said the mood surrounding Formula One’s return had been overwhelmingly positive.
“Oh yes. You see, I’m wet, drenched, but excited. You see, the entire country is rejoicing,” he told Brundle.
Formula One returned to Sepang this weekend for the first time since 2017 after the Bahrain Grand Prix was relocated to Malaysia because of security concerns linked to conflict in the Middle East.
The October 2-4 race retained its official Bahrain Grand Prix designation and was arranged as a one-off event.
Malaysia previously hosted a Formula One race annually from 1999 until 2017, when the government ended the event amid concerns over high costs and diminishing returns.
The economics of a permanent comeback remain a major hurdle.
Sepang International Circuit chief executive Azhan Shafriman Hanif has said Malaysia would require at least RM300 million a year to secure a regular place on the F1 calendar, with any return also dependent on a slot becoming available.
By contrast, Malaysia’s expenditure for this weekend’s event was estimated at between RM10 million and RM16 million because Bahrain had already borne the major hosting costs."
Malay Mail,Brunei Sultan departs after witnessing F1 Gulf Air Bahrain GP return to Sepang,https://www.malaymail.com/news/malaysia/2026/10/04/brunei-sultan-departs-after-witnessing-f1-gulf-air-bahrain-gp-return-to-sepang/237686,"Sun, 04 Oct 2026 18:31:57 +0800","SEPANG, Oct 4 — The Sultan of Brunei, Sultan Hassanal Bolkiah, departed for home today after concluding his special visit in conjunction with the Formula 1 (F1) Gulf Air Bahrain Grand Prix (GP) at the Sepang International Circuit (SIC).
The aircraft carrying His Majesty and the Brunei delegation, including Prince Abdul Mateen Bolkiah, took off at 5.30 pm after a red carpet send-off, which included a guard of honour mounted by 28 officers and personnel from the First Battalion of the Royal Malay Regiment.
Minister of Youth and Sports Dr Mohammed Taufiq Johari, Brunei High Commissioner to Malaysia Dato Paduka Abdu’r Rahmani Basir and Chief of Protocol Ambassador Mohd Ikram Ibrahim were present at the Bunga Raya Complex here to bid farewell to His Majesty and his delegation.
Earlier, Sultan Hassanal Bolkiah attended the F1 Gulf Air Bahrain Grand Prix at SIC with His Majesty Sultan Ibrahim, King of Malaysia, and the top leaders of Malaysia, Bahrain and Brunei to witness the return of the prestigious F1 race to Sepang after a nine-year absence.
Also attending the race were Bahrain Crown Prince and Prime Minister Prince Salman bin Hamad Al Khalifa and Prime Minister Datuk Seri Anwar Ibrahim.
In July, F1 confirmed Malaysia as the host venue for the Gulf Air Bahrain Grand Prix from Oct 2 to 4, following an agreement between Formula 1, the Fédération Internationale de l’Automobile (FIA), and the governments of Malaysia and Bahrain.
F1’s return to Malaysia followed discussions and cooperation involving His Majesty Sultan Ibrahim and Bahrain’s King Hamad Isa Al-Khalifa, as well as the two governments, to retain the Bahrain Grand Prix on the 2026 F1 calendar after the race was cancelled earlier this season due to geopolitical tensions in West Asia.
Malaysia previously hosted the Malaysian Grand Prix at SIC from 1999 to 2017 before being dropped from the F1 calendar. — Bernama"
Malay Mail,"Boy mauled by pack of five stray dogs in Bachok receives rabies jab, shows signs of recovery",https://www.malaymail.com/news/malaysia/2026/10/04/boy-mauled-by-pack-of-five-stray-dogs-in-bachok-receives-rabies-jab-shows-signs-of-recovery/237684,"Sun, 04 Oct 2026 18:23:45 +0800","KOTA BHARU, Oct 4 — An eight-year-old boy who was seriously injured after being attacked by a pack of stray dogs at Pantai Kuala Kemasin, Bachok, on Thursday has received a rabies vaccination and is now being monitored for three weeks.
The boy’s mother, Rosnani Mat Salleh, 46, said her son, Azuar Firdaus Zuraiman, showed positive progress today after remaining withdrawn for two days as he was still traumatised by the incident.
“For two days after the incident, he was still frightened and did not want to talk. He mostly kept to himself and sometimes cried because he was in pain from his injuries, especially to his head and neck.
“Thankfully, his condition has improved today and he has started talking. He can now answer when asked and can recount what happened during the incident,” she told reporters at Raja Perempuan Zainab II Hospital here today.
Earlier, Rosnani and her son were visited by the Kelantan Education Department (JPN) Student Development Sector deputy director, Norazan Mat Nor.
Recalling the incident, Rosnani said Azuar Firdaus was playing on the beach around 9.30 am with three relatives when five stray dogs approached.
She said the three relatives, aged between two and 11, managed to run away, but Azuar Firdaus fell while trying to escape and became the dogs’ target.
“He tried to escape by running into the sea, but the dogs continued chasing him until someone came to his aid and rescued him. He was semi-conscious after the incident and suffered injuries to his head, neck and hand, including bite wounds, in addition to scratches on his back,” she said.
Rosnani said her son underwent a five-hour surgery the day after the incident to treat his injuries.
She said Azuar Firdaus also received a rabies vaccination and is expected to continue being monitored for about three weeks.
Meanwhile, Norazan said the department is aware of the incident, which is believed to be the first involving a student being seriously injured in a stray dog attack.
He added that the victim has shown positive progress and is expected to be discharged from hospital today. — Bernama"
Malay Mail,Amanah says Pakatan open to partners to form stable Melaka govt ahead of state election,https://www.malaymail.com/news/malaysia/2026/10/04/amanah-says-ph-open-to-partners-to-form-stable-melaka-govt-ahead-of-state-election/237683,"Sun, 04 Oct 2026 18:18:37 +0800","MELAKA, Oct 4  — Pakatan Harapan (PH) is open to seeking allies to form a stable government in Melaka in the upcoming state election, said Amanah secretary-general Muhammad Faiz Fadzil.
He said Amanah’s stand was that it was better for the coalition to find partners who could work together to form a stable state government.
Muhammad Faiz said a decision on possible cooperation was expected to be made soon but the possibility of PH contesting on its own remained open.
“Amanah believes that joining forces with allies who want to establish a stable government in Melaka would be better,” he told reporters after the LKIM chairman’s engagement session with Telok Mas fishermen at the Tanjong Nibong fishermen’s jetty here today.
Muhammad Faiz said any decision on political cooperation would be determined by the PH Presidential Council, but Amanah had been exploring collaboration with various parties.
In the 2021 state election, Barisan Nasional won 21 of the 28 seats contested, while PH took five and Perikatan Nasional two.
The Election Commission is meeting on Wednesday to set the dates for the state polls. — Bernama"
Malay Mail,Negeri Sembilan joins Johor on unhealthy air list as haze lingers,https://www.malaymail.com/news/malaysia/2026/10/04/negeri-sembilan-joins-johor-on-unhealthy-air-list-as-haze-lingers/237676,"Sun, 04 Oct 2026 17:10:23 +0800","KUALA LUMPUR, Oct 4 — A total of eight locations recorded Air Pollutant Index (API) readings in the unhealthy category as of 4pm today.
According to the Malaysian Air Pollutant Index Management System (APIMS) portal, five areas in Johor were affected, involving Segamat (156), Batu Pahat (155), Kluang (152), Tangkak (151) and Larkin (111).
In Negeri Sembilan, the affected areas were Nilai (151) and Seremban (146), while Samarahan, Sarawak, recorded a reading of 117.
Meanwhile, 57 areas were in the moderate category, while three areas recorded good readings.
An API reading of zero to 50 indicates good air quality, 51 to 100 moderate, 101 to 200 unhealthy, 201 to 300 very unhealthy, and an API exceeding 300 hazardous. — Bernama"
Malay Mail,Another woman files report against motivational speaker as Perlis police probe alleged sexual harassment,https://www.malaymail.com/news/malaysia/2026/10/04/another-woman-files-report-against-motivational-speaker-as-perlis-police-probe-alleged-sexual-harassment/237674,"Sun, 04 Oct 2026 17:28:41 +0800","KANGAR, Oct 4 — Perlis police have confirmed receiving another report against a male motivational speaker over an allegation of sexual harassment.
Perlis police chief DCP Hamzah Hashim said the report was received yesterday and involved a 19-year-old female complainant.
“The case is being investigated under Section 509 of the Penal Code, Section 233 of the Communications and Multimedia Act 1998, and Section 14 of the Minor Offences Act,” he said in a statement today.
Hamzah said the man is currently under a two-day remand order ending today in connection with a police report lodged in Padang Besar.
He said the motivational speaker would be released on police bail before being re-arrested by Kangar police for further action.
He added that an application for remand to assist investigations into the Kangar case would be made at the Kangar Magistrates’ Court tomorrow. — Bernama"
Malay Mail,"F1 roars back at Sepang as Sultan Ibrahim, Bahrain and Brunei royals watch on",https://www.malaymail.com/news/malaysia/2026/10/04/f1-roars-back-at-sepang-as-sultan-ibrahim-bahrain-and-brunei-royals-watch-on/237673,"Sun, 04 Oct 2026 17:04:06 +0800","SEPANG, Oct 4 — The return of Formula 1 to the Sepang International Circuit (SIC) after a nine-year absence received special attention today when His Majesty Sultan Ibrahim, King of Malaysia, attended the 2026 Gulf Air Bahrain Grand Prix F1 race, together with the top leaders of Malaysia, Bahrain and Brunei.
His Majesty was received on arrival at about 2.15 pm by Bahrain Crown Prince and Prime Minister Prince Salman bin Hamad Al Khalifa and Prime Minister Datuk Seri Anwar Ibrahim.
Also attending the race were the Sultan of Brunei, Sultan Hassanal Bolkiah, and Prince Abdul Mateen Bolkiah, who were received by Anwar at about 2.35 pm.
The Raja Muda of Selangor, Tengku Amir Shah Sultan Sharafuddin Idris Shah; the Tunku Mahkota of Kedah, Tunku Shazuddin Ariff Sultan Sallehuddin; and the Tengku Mahkota of Kelantan, Tengku Muhammad Fakhry Petra; also attended the race, marking the return of the roar of F1 engines to Sepang after the last race was held there in 2017.
The race, scheduled to start at 3 pm, was slightly delayed due to heavy rain after Negaraku and the Bahrain national anthem were played.
The event is expected to attract nearly 100,000 spectators and will also feature a fly-past by Gulf Air aircraft before the race gets underway.
Cars enter the pit lane after the start of theGulf Air Bahrain Grand Prix F1 race was delayed by heavy rain at the Sepang International Circuit on October 4, 2026, which marks F1’s return to Malaysia after a nine-year absence. — AFP pic
Four-time world champion Max Verstappen of Red Bull Racing will start the 56-lap race from pole position, followed by seven-time world champion Lewis Hamilton of Ferrari and current championship leader Kimi Antonelli of Mercedes-AMG Petronas.
In July, F1 confirmed Malaysia as the host venue for the Gulf Air Bahrain Grand Prix from Oct 2 to 4, following an agreement between Formula 1, the Fédération Internationale de l’Automobile (FIA), and the Malaysian and Bahraini governments.
F1’s return to Malaysia followed discussions and cooperation involving His Majesty Sultan Ibrahim and Bahrain’s King Hamad bin Isa Al-Khalifa, as well as the two governments, to retain the Bahrain Grand Prix on the 2026 F1 calendar after the race was cancelled earlier this season due to geopolitical tensions in West Asia.
Malaysia previously hosted the Malaysian Grand Prix at SIC from 1999 to 2017 before the race was dropped from the F1 calendar. — Bernama"
Malay Mail,"Motorcycle skids towards drain near Taiping, killing 76-year-old rider",https://www.malaymail.com/news/malaysia/2026/10/04/motorcycle-skids-towards-drain-near-taiping-killing-76-year-old-rider/237672,"Sun, 04 Oct 2026 17:19:51 +0800","IPOH, Oct 4 — An elderly man was killed and a woman who was the pillion rider was seriously injured after the motorcycle they were riding skidded at Lorong Kampung Boyan 1, Kampung Boyan near Taiping, today.
Perak Fire and Rescue Department Assistant Director of Operations Sabarodzi Nor Ahmad said the 76-year-old man was pronounced dead at the scene by Ministry of Health (MOH) medical officers.
He said they received a call about the incident at 12.41 pm before a fire engine from the Taiping Fire and Rescue Station arrived six minutes later.
“Upon arriving at the scene, personnel found that the Yamaha Ego motorcycle ridden by the two victims had skidded and nearly fallen into a drain in front of a house. The elderly man was unconscious while the 69-year-old woman suffered serious head injuries,” he said in a statement today.
Sabarodzi said firefighters lifted the male victim, who was nearly falling into the drain, before MOH medical officers confirmed his death.
“The injured victim was given initial treatment before being sent to the hospital, while the male victim’s body was handed over to the police for further action, and the operation ended at 1.49 pm,” he said. — Bernama"
Malay Mail,"After F1 and KL Marathon, October’s only getting busier with Melaka election dates on Wednesday and Budget Friday",https://www.malaymail.com/news/malaysia/2026/10/04/after-f1-and-kl-marathon-octobers-only-getting-busier-with-melaka-election-dates-on-wednesday-and-budget-friday/237665,"Sun, 04 Oct 2026 16:44:24 +0800","KUALA LUMPUR, Oct 4 — October has got off to a positive start for Malaysia, marked by a vibrant sporting calendar, strong performances by national athletes and encouraging developments in the economy and investment, while several major national agendas await as the month unfolds.
The first weekend of the month saw Malaysia become a focal point for sports fans as the roar of Formula 1 (F1) machinery once again echoed at the Sepang International Circuit (SIC) after nine years, with Malaysia hosting the Formula 1 Gulf Air Bahrain Grand Prix in Malaysia 2026.
The return of the prestigious race to Sepang, which last hosted an F1 event in 2017, coincided with two other major international sporting events, the Le Tour de Langkawi (LTdL) 2026 and the Kuala Lumpur Standard Chartered Marathon (KLSCM) 2026.
The 30th edition of LTdL, which began on Sept 27, will conclude in Putrajaya today after eight stages across the peninsula, while KLSCM, held yesterday and today, saw more than 30,000 local and international participants take to the streets of the capital.
The sporting excitement at home was accompanied by strong performances by the national contingent at the Aichi-Nagoya 2026 Asian Games in Japan, which had secured nine gold, seven silver and 16 bronze medals as of yesterday.
The haul included historic team gold medals for the men’s and women’s squash teams, a keirin gold for track cycling champion Datuk Mohd Azizulhasni Awang, and the men’s sepak takraw squad’s first team regu gold in 36 years.
National sporting success also extended to the football pitch as Harimau Malaya ended their Fifa Asean Cup 2026 group-stage campaign with a 6-0 victory over Singapore.
Although the result was not enough to send the national squad into the final, the team is set to face Vietnam in the third-place playoff tomorrow.
The positive trend was also reflected in the economy, with the ringgit showing resilience in a challenging global environment, ending the first week of October trading at 4.0820/4.0870 against the US dollar.
Malaysia’s investment momentum also received a boost as the country and Singapore explored efforts to attract third-country investors to the Johor-Singapore Special Economic Zone (JS-SEZ).
Companies from the republic have so far committed more than S$5.5 billion in investments in the zone, covering sectors including advanced manufacturing, data centres, energy technology and solar energy.
On the international front, Prime Minister Datuk Seri Anwar Ibrahim said Malaysia’s involvement was also expanding through Petronas, which holds a 25 per cent stake in the C$33 billion (about RM94.7 billion) LNG Canada Phase 2 expansion project.
The project could open up further investment and business opportunities for Malaysian companies in Canada’s energy and infrastructure sectors.
Following Anwar’s meeting with Bahrain’s Crown Prince and Prime Minister, Prince Salman Hamad Al Khalifa, yesterday, Malaysia also welcomed Bahraini investments in areas including Islamic finance, technology, artificial intelligence (AI), cybersecurity and smart manufacturing.
The two countries also encouraged Malaysian companies to use Bahrain as a gateway to the Gulf Cooperation Council (GCC) market.
Despite the positive developments at the start of October, Malaysia continues to grapple with transboundary haze, which has caused a decline in air quality in many areas nationwide.
Six areas recorded Air Pollutant Index (API) readings at unhealthy levels, while 37 were at moderate levels and only three recorded good readings.
As October progresses, attention will turn to several major agendas expected to shape the country’s economic and political landscape for the remainder of the year.
Most immediately, focus will be on the Dewan Rakyat sitting, which begins tomorrow, with the tabling of Budget 2027 by the Prime Minister, who is also Finance Minister, scheduled for Friday.
The budget will be among the country’s most closely watched economic agendas this year, with attention expected on measures to tackle the cost of living, raise incomes, stimulate growth and strengthen economic resilience amid a challenging global environment.
The Pre-Budget 2027 Statement had outlined 10 focus areas centred on the Madani Economy and 13th Malaysia Plan (13MP) priorities, including tackling the cost of living, increasing incomes, creating quality jobs and strengthening the economy and governance.
Political activity is also expected to intensify this month as the 16th Melaka State Election (PRN) moves into the next phase following the dissolution of the State Legislative Assembly on Sept 23.
The Election Commission (EC) will hold a special meeting this Wednesday to determine key dates for the election, including nomination and polling days, as negotiations and cooperation among political parties remain a focal point.
Senior Lecturer in Political Science at the Faculty of Administrative Science and Policy Studies, Universiti Teknologi MARA (UiTM), Mujibu Abd Muis, described October as a crucial month that could determine the direction and pace of the country’s politics in the final months of 2026.
He said developments taking place almost simultaneously, including the Melaka state election, internal party dynamics and the tabling of Budget 2027, could shape public perceptions ahead of the 16th General Election (GE16).
Mujibu viewed the Melaka state election not merely as a battleground to determine the state government, but as a potential ‘political laboratory’ for parties to test their respective strengths, strategies and cooperation formulas.
He said the election would follow two previous state polls involving Johor and Negeri Sembilan, while also providing political data that could influence seat negotiations, candidate selection and coalition alignments ahead of GE16.
Mujibu said Budget 2027 would serve as the most tangible test of the government’s economic credibility, noting that the public would evaluate it not merely based on figures but on the extent to which announced measures affect their lives, including disposable income, the cost of living, employment and economic opportunities.
“With two months remaining until the end of 2026, October provides an opportunity to assess the political landscape. Parties will look at the Melaka state election results, gauge the public’s response to the Budget, assess their respective organisational strengths and then begin making more serious calculations for GE16.
“In summary, October may not be the month that determines who will win the general election, but it could be the month that determines who starts to emerge as being in the lead, who is losing momentum and who needs to change their strategy,” he said. — Bernama"
Malay Mail,"Petros assurance rings hollow amid challenge to Petronas, says Zaid",https://www.malaymail.com/news/malaysia/2026/10/04/petros-assurance-rings-hollow-amid-challenge-to-petronas-says-zaid/237664,"Sun, 04 Oct 2026 16:02:45 +0800","KUALA LUMPUR, Oct 4 — Former law minister Datuk Zaid Ibrahim says Sarawak premier Abang Johari Openg’s assurance that Petros will not undermine Petronas rings hollow while the state oil company seeks a bigger role in the gas business and Sarawak continues to question the federal legal framework governing petroleum.
Writing on Facebook, Zaid said the central issue was Petros’s desire to take over the gas aggregator role currently performed by Petronas in Sarawak.
That role is integral to the gas value chain, he said, and cannot be transferred without affecting Petronas’s commercial position. He estimated Petronas’s Sarawak gas business at about RM10 billion annually.
Zaid said the impact was already visible in the confusion created by competing claims over payments. He pointed to the Shell dispute, saying roughly RM80 million a month had been withheld while the parties disputed who should be paid.
Abang Johari had said earlier that Petros’s expansion was not designed to displace Petronas. He said Sarawak would continue to work with Petronas while developing its ability to process gas locally and move into higher-value downstream activities.
His comments followed Petros’s joint development agreement with Norwegian company Höegh Evi for a Kuching LNG regasification terminal, which is expected to be operational by 2029. Sarawak is also exploring small-scale LNG facilities and carbon capture, utilisation and storage projects.
Zaid said those ambitions need not be incompatible with Sarawak’s development, but the order of discussion mattered. The state must first recognise Petronas’s rights over Malaysia’s oil and gas under the Petroleum Development Act 1974, he said.
He noted that Sarawak was challenging the application of the PDA and other federal petroleum laws in the state. That, he said, was a challenge to the legal foundation of Petronas, rather than a routine negotiation over commercial participation.
Once the legal position is accepted, Zaid said, the parties can negotiate a role for Petros that addresses Sarawak’s circumstances without dismantling key functions of the national oil company.
He warned that the consequences would extend beyond Sarawak if other producing states pursued similar claims. Petronas would lose the scale that supports its national role, including its ability to invest and contribute to federal revenue, he said."
Malay Mail,JPJ hunts illegal motorcycle ride operators ferrying passengers to Sepang F1 circuit,https://www.malaymail.com/news/malaysia/2026/10/04/jpj-hunts-illegal-motorcycle-ride-operators-ferrying-passengers-to-sepang-f1-circuit/237663,"Sun, 04 Oct 2026 15:50:56 +0800","KUALA LUMPUR, Oct 4 — The Road Transport Department (JPJ) is tracking down individuals and groups offering illegal motorcycle ride-hailing services to transport visitors and spectators attending the Formula One (F1) Bahrain Grand Prix at the Sepang International Circuit (SIC).
According to
Berita Harian
, the operators were found advertising their services through various social media platforms, offering rides from several locations to the circuit grounds and between SIC and nearby parking areas.
A survey of social media postings showed that both car and motorcycle transport services were being promoted, although motorcycles appeared to be the preferred option among spectators seeking to avoid heavy traffic congestion around the circuit.
On Threads, some riders were offering trips between Mitsui Outlet Park Sepang and SIC for RM10 each way. Others advertised motorcycle taxi services, commonly referred to as “gojek”, charging RM10 for journeys between Kuala Lumpur International Airport Terminal 2 (KLIA2) and SIC.
The report also found touts offering rides for as much as RM80 for a 10-kilometre journey from Mitsui Outlet Park to a Petronas station near the main entrance of the circuit. Some operators were also said to provide helmets for passengers.
While the services have attracted visitors looking for a faster alternative to traffic-clogged roads, concerns have been raised over safety risks, particularly in the event of accidents or other unforeseen incidents.
JPJ is understood to be conducting an enforcement operation around SIC and several hotspot locations near the circuit and KLIA. Authorities are also taking action based on information and advertisements that have gone viral on social media.
The enforcement comes amid an influx of spectators attending the F1 Bahrain Grand Prix, with traffic congestion around the Sepang circuit area drawing widespread attention over the weekend."
Malay Mail,"Government to follow legal process over Bandar Utama school stabbing suit, says deputy law minister",https://www.malaymail.com/news/malaysia/2026/10/04/government-to-follow-legal-process-over-bandar-utama-school-stabbing-suit/237662,"Sun, 04 Oct 2026 15:47:05 +0800","IPOH, Oct 4 — The government will allow due process to take its course following a civil suit filed by the family of a 16-year-old girl who was killed in a stabbing incident at a school in Bandar Utama last year, Deputy Minister in the Prime Minister’s Department (Law and Institutional Reform) M. Kulasegaran said today.
The
New Straits Times
reported that Kulasegaran said he would not comment further on the legal action as the matter involved the Ministry of Education and he did not have full details of the case.
“I don’t want to jump the gun. The actions by the government and the police will follow the normal process unless something unusual happens,” he told reporters after launching the Madani Kita Programme with the Buntong Community 2026 at the Kampung Tersusun Multipurpose Hall in Buntong here.
The civil suit was filed at the Kuala Lumpur High Court on October 1 by the mother and sister of Yap Shing Xuen, who was killed in the incident. According to a statement by Yap’s mother, the suit names several government agencies, the parents of the boy responsible for the fatal attack, and the boy himself as defendants.
The family said they believed the teenager’s death could have been prevented had appropriate measures been taken, particularly in addressing mental health issues among students.
Asked whether existing laws should be strengthened to include mental health provisions, Kulasegaran said the government was not currently drafting any new legislation on the matter. Instead, discussions were ongoing with relevant agencies and non-governmental organisations.
He also stressed the importance of helping parents better understand their children’s needs, including mental health concerns. Kulasegaran said he had recently met more than 1,000 parents during a programme in Serdang aimed at equipping them with skills to better support their children.
“The programme is conducted over 10 weeks, with three-hour sessions every weekend, to guide parents in understanding the needs of their children,” he said.
Kulasegaran noted that approaches to disciplining children had evolved over time, adding that mental health issues should be addressed more proactively. He said support should be extended to those affected, noting that mental health challenges also impacted a segment of the civil service.
“Action should be taken to help them,” he said."
Malay Mail,Rapid KL adds eight more shuttle buses as MRT Putrajaya Line repair work continues,https://www.malaymail.com/news/malaysia/2026/10/04/rapid-kl-adds-eight-more-shuttle-buses-as-mrt-putrajaya-line-repair-work-continues/237656,"Sun, 04 Oct 2026 15:05:58 +0800","KUALA LUMPUR, Oct 4 — Repair works are underway to restore power supply and train services on the Putrajaya Line following a cable theft near the Taman Equine MRT Station, according to Rapid KL.
It said alternative train services and free shuttle buses remained available to help passengers get to their destinations during the disruption.
“Alternative train services and free shuttle buses are still operating to assist passengers, with eight additional buses deployed to facilitate passenger movement,” it said in a statement.
The service disruption was caused by a loss of power following a cable theft near Taman Equine Station, which was detected at 5.24 am today.
Following the incident, a train was stranded at the station, while technical teams were mobilised to inspect the affected area and carry out the necessary repair works to restore power supply and train services.
Rapid KL also advised passengers travelling to Sepang via the ERL from Putrajaya Sentral to use alternative routes via the KL Sentral or Bandar Tasik Selatan ERL stations.
Station staff and auxiliary police personnel have also been deployed at stations and bus stops to help manage passenger movement.
Rapid KL said it would provide updates on the service status from time to time through its official social media channels. — Bernama"
Malay Mail,"Raincoat and umbrella check: Storm warning for KL, Putrajaya and six states until 4pm",https://www.malaymail.com/news/malaysia/2026/10/04/raincoat-and-umbrella-check-storm-warning-for-kl-putrajaya-and-six-states-until-4pm/237657,"Sun, 04 Oct 2026 14:57:41 +0800","KUALA LUMPUR, Oct 4 — The Malaysian Meteorological Department (MetMalaysia) has issued a warning for thunderstorms, heavy rain and strong winds in Kuala Lumpur, Putrajaya and six states until 4 pm today.
It said in a statement that the adverse weather was expected to affect Perak (Kuala Kangsar, Larut Matang, Manjung, Bagan Datuk, Perak Tengah and Hilir Perak) and the whole of Selangor.
A similar warning was also issued for Kelantan (Pasir Puteh and Bachok) as well as Terengganu (Besut, Setiu, Kuala Nerus and Kuala Terengganu).
In Sarawak, the affected areas are Limbang (Limbang), Miri (Marudi), Sri Aman (Sri Aman and Lubok Antu), Betong (Betong), Bintulu (Tatau), Sibu (Selangau) and Kapit (Song).
As for Sabah, the areas involved are the Interior (Pensiangan, Sipitang, Tenom and Tambunan), Tawau (Kalabakan and Lahad Datu), Sandakan (Kinabatangan) and the West Coast. — Bernama"
Malay Mail,Water in the tank at Batu Kawan? Penang team looks into viral claims of vehicle trouble after refuelling,https://www.malaymail.com/news/malaysia/2026/10/04/water-in-the-tank-at-batu-kawan-penang-team-looks-into-viral-claims-of-vehicle-trouble-after-refuelling/237654,"Sun, 04 Oct 2026 15:21:51 +0800","GEORGE TOWN, Oct 4 — The Domestic Trade and Cost of Living Ministry (KPDN) in Penang is investigating claims that several vehicles experienced problems after refuelling at petrol stations near Batu Kawan.
A Penang KPDN spokesperson said the ministry was aware of the claims and had sent a team to investigate.
“The Penang KPDN has taken note of the claims of vehicles experiencing problems after refuelling at a petrol station near Batu Kawan.
“We will send a team to look into the matter and issue a media statement afterwards,” the spokesperson said in a statement today.
Earlier, several posts went viral on social media alleging that vehicles experienced problems, including being unable to start, after refuelling at several petrol stations around Penang.
The posts also claimed that the problem was suspected to have been caused by water-contaminated fuel, but this has yet to be confirmed by the authorities. — Bernama
* Editor’s note: The initials KPDN in Malay stands for Kementerian Perdagangan Dalam Negeri dan Kos Sara Hidup."
